Day 0
3,
746665,

Day 1
3,
949617,

Day 2
3,
949617,

Day 3
3,
949617,

Day 4
3,
949617,

Day 5
3,
949617,

Day 6
3,
949617,

Day 7
3,
949617,

Day 8
3,
949617,

Day 9
3,
949617,

Day 10
3,
949617,

Day 11
3,
949617,

Day 12
3,
949617,

Day 13
3,
949617,

Day 14
3,
949617,

Day 15
3,
949617,

Day 16
3,
949617,

Day 17
3,
949617,

Day 18
3,
949617,

Day 19
3,
949617,

Day 20
3,
949617,

Day 21
3,
949617,

Day 22
3,
949617,

Day 23
3,
949617,

Day 24
3,
949617,

Day 25
3,
949617,

Day 26
3,
949617,

Day 27
3,
949617,

Day 28
3,
949617,

Day 29
3,
949617,

Day 30
3,
949617,

Day 31
3,
949617,

Day 32
3,
949617,

Day 33
3,
949617,

Day 34
3,
949617,

Day 35
3,
949617,

Day 36
3,
949617,

Day 37
3,
949617,

Day 38
3,
949617,

Day 39
3,
949617,

Day 40
3,
949617,

Day 41
3,
949617,

Day 42
3,
949617,

Day 43
3,
949617,

Day 44
3,
949617,

Day 45
3,
949617,

Day 46
3,
949617,

Day 47
3,
949617,

Day 48
3,
949617,

Day 49
3,
949617,

Day 50
3,
949617,

Day 51
3,
949617,

Day 52
3,
949617,

Day 53
3,
949617,

Day 54
3,
949617,

Day 55
3,
949617,

Day 56
3,
949617,

Day 57
3,
949617,

Day 58
3,
949617,

Day 59
3,
949617,

Day 60
3,
949617,

Day 61
3,
949617,

Day 62
3,
949617,

Day 63
3,
949617,

Day 64
3,
949617,

Day 65
3,
949617,

Day 66
3,
949617,

Day 67
3,
949617,

Day 68
3,
949617,

Day 69
3,
949617,

Day 70
3,
949617,

Day 71
3,
949617,

Day 72
3,
949617,

Day 73
3,
949617,

Day 74
3,
949617,

Day 75
3,
949617,

Day 76
3,
949617,

Day 77
3,
949617,

Day 78
3,
949617,

Day 79
3,
949617,

Day 80
3,
949617,

Day 81
3,
949617,

Day 82
3,
949617,

Day 83
3,
949617,

Day 84
3,
949617,

Day 85
3,
949617,

Day 86
3,
949617,

Day 87
3,
949617,

Day 88
3,
949617,

Day 89
3,
949617,

Day 90
3,
949617,

Day 91
3,
949617,

Day 92
3,
949617,

Day 93
3,
949617,

Day 94
3,
949617,

Day 95
3,
949617,

Day 96
3,
949617,

Day 97
3,
949617,

Day 98
3,
949617,

Day 99
3,
949617,

Day 100
3,
949617,

Day 101
3,
949617,

Day 102
3,
949617,

Day 103
3,
949617,

Day 104
3,
949617,

Day 105
3,
949617,

Day 106
3,
949617,

Day 107
3,
949617,

Day 108
3,
949617,

Day 109
3,
949617,

Day 110
3,
949617,

Day 111
3,
949617,

Day 112
3,
949617,

Day 113
3,
949617,

Day 114
3,
949617,

Day 115
3,
949617,

Day 116
3,
949617,

Day 117
3,
949617,

Day 118
3,
949617,

Day 119
3,
949617,

Day 120
3,
949617,

Day 121
3,
949617,

Day 122
3,
949617,

Day 123
3,
949617,

Day 124
3,
949617,

Day 125
3,
949617,

Day 126
3,
949617,

Day 127
3,
949617,

Day 128
3,
949617,

Day 129
3,
949617,

Day 130
3,
949617,

Day 131
3,
949617,

Day 132
3,
949617,

Day 133
3,
949617,

Day 134
3,
949617,

Day 135
3,
949617,

Day 136
3,
949617,

Day 137
3,
949617,

Day 138
3,
949617,

Day 139
3,
949617,

Day 140
3,
949617,

Day 141
3,
949617,

Day 142
3,
949617,

Day 143
3,
949617,

Day 144
3,
949617,

Day 145
3,
949617,

Day 146
3,
949617,

Day 147
3,
949617,

Day 148
3,
949617,

Day 149
3,
949617,

Day 150
3,
949617,

Day 151
3,
949617,

Day 152
3,
949617,

Day 153
3,
949617,

Day 154
3,
949617,

Day 155
3,
949617,

Day 156
3,
949617,

Day 157
3,
949617,

Day 158
3,
949617,

Day 159
3,
949617,

Day 160
3,
949617,

Day 161
3,
949617,

Day 162
3,
949617,

Day 163
3,
949617,

Day 164
3,
949617,

Day 165
3,
949617,

Day 166
3,
949617,

Day 167
3,
949617,

Day 168
3,
949617,

Day 169
3,
949617,

Day 170
3,
949617,

Day 171
3,
949617,

Day 172
3,
949617,

Day 173
3,
949617,

Day 174
3,
949617,

Day 175
3,
949617,

Day 176
3,
949617,

Day 177
3,
949617,

Day 178
3,
949617,

Day 179
3,
949617,

Day 180
3,
949617,

Day 181
3,
949617,

Day 182
3,
949617,

Day 183
3,
949617,

Day 184
3,
949617,

Day 185
3,
949617,

Day 186
3,
949617,

Day 187
3,
949617,

Day 188
3,
949617,

Day 189
3,
949617,

Day 190
3,
949617,

Day 191
3,
949617,

Day 192
3,
949617,

Day 193
3,
949617,

Day 194
3,
949617,

Day 195
3,
949617,

Day 196
3,
949617,

Day 197
3,
949617,

Day 198
3,
949617,

Day 199
3,
949617,

Day 200
3,
949617,

Day 201
3,
949617,

Day 202
3,
949617,

Day 203
3,
949617,

Day 204
3,
949617,

Day 205
3,
949617,

Day 206
3,
949617,

Day 207
3,
949617,

Day 208
3,
949617,

Day 209
3,
949617,

Day 210
3,
949617,

Day 211
3,
949617,

Day 212
3,
949617,

Day 213
3,
949617,

Day 214
3,
949617,

Day 215
3,
949617,

Day 216
3,
949617,

Day 217
3,
949617,

Day 218
3,
949617,

Day 219
3,
949617,

Day 220
3,
949617,

Day 221
3,
949617,

Day 222
3,
949617,

Day 223
3,
949617,

Day 224
3,
949617,

Day 225
3,
949617,

Day 226
3,
949617,

Day 227
3,
949617,

Day 228
3,
949617,

Day 229
3,
949617,

Day 230
3,
949617,

Day 231
3,
949617,

Day 232
3,
949617,

Day 233
3,
949617,

Day 234
3,
949617,

Day 235
3,
949617,

Day 236
3,
949617,

Day 237
3,
949617,

Day 238
3,
949617,

Day 239
3,
949617,

Day 240
3,
949617,

Day 241
3,
949617,

Day 242
3,
949617,

Day 243
3,
949617,

Day 244
3,
949617,

Day 245
3,
949617,

Day 246
3,
949617,

Day 247
3,
949617,

Day 248
3,
949617,

Day 249
3,
949617,

Day 250
3,
949617,

Day 251
3,
949617,

Day 252
3,
949617,

Day 253
3,
949617,

Day 254
3,
949617,

Day 255
3,
949617,

Day 256
3,
949617,

Day 257
3,
949617,

Day 258
3,
949617,

Day 259
3,
949617,

Day 260
3,
949617,

Day 261
3,
949617,

Day 262
3,
949617,

Day 263
3,
949617,

Day 264
3,
949617,

Day 265
3,
949617,

Day 266
3,
949617,

Day 267
3,
949617,

Day 268
3,
949617,

Day 269
3,
949617,

Day 270
3,
949617,

Day 271
3,
949617,

Day 272
3,
949617,

Day 273
3,
949617,

Day 274
3,
949617,

Day 275
3,
949617,

Day 276
3,
949617,

Day 277
3,
949617,

Day 278
3,
949617,

Day 279
3,
949617,

Day 280
3,
949617,

Day 281
3,
949617,

Day 282
3,
949617,

Day 283
3,
949617,

Day 284
3,
949617,

Day 285
3,
949617,

Day 286
3,
949617,

Day 287
3,
949617,

Day 288
3,
949617,

Day 289
3,
949617,

Day 290
3,
949617,

Day 291
3,
949617,

Day 292
3,
949617,

Day 293
3,
949617,

Day 294
3,
949617,

Day 295
3,
949617,

Day 296
3,
949617,

Day 297
3,
949617,

Day 298
3,
949617,

Day 299
3,
949617,

Day 300
3,
949617,

Day 301
3,
949617,

Day 302
3,
949617,

Day 303
3,
949617,

Day 304
3,
949617,

Day 305
3,
949617,

Day 306
3,
949617,

Day 307
3,
949617,

Day 308
3,
949617,

Day 309
3,
949617,

Day 310
3,
949617,

Day 311
3,
949617,

Day 312
3,
949617,

Day 313
3,
949617,

Day 314
3,
949617,

Day 315
3,
949617,

Day 316
3,
949617,

Day 317
3,
949617,

Day 318
3,
949617,

Day 319
3,
949617,

Day 320
3,
949617,

Day 321
3,
949617,

Day 322
3,
949617,

Day 323
3,
949617,

Day 324
3,
949617,

Day 325
3,
949617,

Day 326
3,
949617,

Day 327
3,
949617,

Day 328
3,
949617,

Day 329
3,
949617,

Day 330
3,
949617,

Day 331
3,
949617,

Day 332
3,
949617,

Day 333
3,
949617,

Day 334
3,
949617,

Day 335
3,
949617,

Day 336
3,
949617,

Day 337
3,
949617,

Day 338
3,
949617,

Day 339
3,
949617,

Day 340
3,
949617,

Day 341
3,
949617,

Day 342
3,
949617,

Day 343
3,
949617,

Day 344
3,
949617,

Day 345
3,
949617,

Day 346
3,
949617,

Day 347
3,
949617,

Day 348
3,
949617,

Day 349
3,
949617,

Day 350
3,
949617,

Day 351
3,
949617,

Day 352
3,
949617,

Day 353
3,
949617,

Day 354
3,
949617,

Day 355
3,
949617,

Day 356
3,
949617,

Day 357
3,
949617,

Day 358
3,
949617,

Day 359
3,
949617,

Day 360
3,
949617,

Day 361
3,
949617,

Day 362
3,
949617,

Day 363
3,
949617,

Day 364
3,
949617,

Day 365
3,
949617,

Day 366
3,
949617,

Day 367
3,
949617,

Day 368
3,
949617,

Day 369
3,
949617,

Day 370
3,
949617,

Day 371
3,
949617,

Day 372
3,
949617,

Day 373
3,
949617,

Day 374
3,
949617,

Day 375
3,
949617,

Day 376
3,
949617,

Day 377
3,
949617,

Day 378
3,
949617,

Day 379
3,
949617,

Day 380
3,
949617,

Day 381
3,
949617,

Day 382
3,
949617,

Day 383
3,
949617,

Day 384
3,
949617,

Day 385
3,
949617,

Day 386
3,
949617,

Day 387
3,
949617,

Day 388
3,
949617,

Day 389
3,
949617,

Day 390
3,
949617,

Day 391
3,
949617,

Day 392
3,
949617,

Day 393
3,
949617,

Day 394
3,
949617,

Day 395
3,
949617,

Day 396
3,
949617,

Day 397
3,
949617,

Day 398
3,
949617,

Day 399
3,
949617,

Day 400
3,
949617,

Day 401
3,
949617,

Day 402
3,
949617,

Day 403
3,
949617,

Day 404
3,
949617,

Day 405
3,
949617,

Day 406
3,
949617,

Day 407
3,
949617,

Day 408
3,
949617,

Day 409
3,
949617,

Day 410
3,
949617,

Day 411
3,
949617,

Day 412
3,
949617,

Day 413
3,
949617,

Day 414
3,
949617,

Day 415
3,
949617,

Day 416
3,
949617,

Day 417
3,
949617,

Day 418
3,
949617,

Day 419
3,
949617,

Day 420
3,
949617,

Day 421
3,
949617,

Day 422
3,
949617,

Day 423
3,
949617,

Day 424
3,
949617,

Day 425
3,
949617,

Day 426
3,
949617,

Day 427
3,
949617,

Day 428
3,
949617,

Day 429
3,
949617,

Day 430
3,
949617,

Day 431
3,
949617,

Day 432
3,
949617,

Day 433
3,
949617,

Day 434
3,
949617,

Day 435
3,
949617,

Day 436
3,
949617,

Day 437
3,
949617,

Day 438
3,
949617,

Day 439
3,
949617,

Day 440
3,
949617,

Day 441
3,
949617,

Day 442
3,
949617,

Day 443
3,
949617,

Day 444
3,
949617,

Day 445
3,
949617,

Day 446
3,
949617,

Day 447
3,
949617,

Day 448
3,
949617,

Day 449
3,
949617,

Day 450
3,
949617,

Day 451
3,
949617,

Day 452
3,
949617,

Day 453
3,
949617,

Day 454
3,
949617,

Day 455
3,
949617,

Day 456
3,
949617,

Day 457
3,
949617,

Day 458
3,
949617,

Day 459
3,
949617,

Day 460
3,
949617,

Day 461
3,
949617,

Day 462
3,
949617,

Day 463
3,
949617,

Day 464
3,
949617,

Day 465
3,
949617,

Day 466
3,
949617,

Day 467
3,
949617,

Day 468
3,
949617,

Day 469
3,
949617,

Day 470
3,
949617,

Day 471
3,
949617,

Day 472
3,
949617,

Day 473
3,
949617,

Day 474
3,
949617,

Day 475
3,
949617,

Day 476
3,
949617,

Day 477
3,
949617,

Day 478
3,
949617,

Day 479
3,
949617,

Day 480
3,
949617,

Day 481
3,
949617,

Day 482
3,
949617,

Day 483
3,
949617,

Day 484
3,
949617,

Day 485
3,
949617,

Day 486
3,
949617,

Day 487
3,
949617,

Day 488
3,
949617,

Day 489
3,
949617,

Day 490
3,
949617,

Day 491
3,
949617,

Day 492
3,
949617,

Day 493
3,
949617,

Day 494
3,
949617,

Day 495
3,
949617,

Day 496
3,
949617,

Day 497
3,
949617,

Day 498
3,
949617,

Day 499
3,
949617,

Day 500
3,
949617,

Day 501
3,
949617,

Day 502
3,
949617,

Day 503
3,
949617,

Day 504
3,
949617,

Day 505
3,
949617,

Day 506
3,
949617,

Day 507
3,
949617,

Day 508
3,
949617,

Day 509
3,
949617,

Day 510
3,
949617,

Day 511
3,
949617,

Day 512
3,
949617,

Day 513
3,
949617,

Day 514
3,
949617,

Day 515
3,
949617,

Day 516
3,
949617,

Day 517
3,
949617,

Day 518
3,
949617,

Day 519
3,
949617,

Day 520
3,
949617,

Day 521
3,
949617,

Day 522
3,
949617,

Day 523
3,
949617,

Day 524
3,
949617,

Day 525
3,
949617,

Day 526
3,
949617,

Day 527
3,
949617,

Day 528
3,
949617,

Day 529
3,
949617,

Day 530
3,
949617,

Day 531
3,
949617,

Day 532
3,
949617,

Day 533
3,
949617,

Day 534
3,
949617,

Day 535
3,
949617,

Day 536
3,
949617,

Day 537
3,
949617,

Day 538
3,
949617,

Day 539
3,
949617,

Day 540
3,
949617,

Day 541
3,
949617,

Day 542
3,
949617,

Day 543
3,
949617,

Day 544
3,
949617,

Day 545
3,
949617,

Day 546
3,
949617,

Day 547
3,
949617,

Day 548
3,
949617,

Day 549
3,
949617,

Day 550
3,
949617,

Day 551
3,
949617,

Day 552
3,
949617,

Day 553
3,
949617,

Day 554
3,
949617,

Day 555
3,
949617,

Day 556
3,
949617,

Day 557
3,
949617,

Day 558
3,
949617,

Day 559
3,
949617,

Day 560
3,
949617,

Day 561
3,
949617,

Day 562
3,
949617,

Day 563
3,
949617,

Day 564
3,
949617,

Day 565
3,
949617,

Day 566
3,
949617,

Day 567
3,
949617,

Day 568
3,
949617,

Day 569
3,
949617,

Day 570
3,
949617,

Day 571
3,
949617,

Day 572
3,
949617,

Day 573
3,
949617,

Day 574
3,
949617,

Day 575
3,
949617,

Day 576
3,
949617,

Day 577
3,
949617,

Day 578
3,
949617,

Day 579
3,
949617,

Day 580
3,
949617,

Day 581
3,
949617,

Day 582
3,
949617,

Day 583
3,
949617,

Day 584
3,
949617,

Day 585
3,
949617,

Day 586
3,
949617,

Day 587
3,
949617,

Day 588
3,
949617,

Day 589
3,
949617,

Day 590
3,
949617,

Day 591
3,
949617,

Day 592
3,
949617,

Day 593
3,
949617,

Day 594
3,
949617,

Day 595
3,
949617,

Day 596
3,
949617,

Day 597
3,
949617,

Day 598
3,
949617,

Day 599
3,
949617,

Day 600
3,
949617,

Day 601
3,
949617,

Day 602
3,
949617,

Day 603
3,
949617,

Day 604
3,
949617,

Day 605
3,
949617,

Day 606
3,
949617,

Day 607
3,
949617,

Day 608
3,
949617,

Day 609
3,
949617,

Day 610
3,
949617,

Day 611
3,
949617,

Day 612
3,
949617,

Day 613
3,
949617,

Day 614
3,
949617,

Day 615
3,
949617,

Day 616
3,
949617,

Day 617
3,
949617,

Day 618
3,
949617,

Day 619
3,
949617,

Day 620
3,
949617,

Day 621
3,
949617,

Day 622
3,
949617,

Day 623
3,
949617,

Day 624
3,
949617,

Day 625
3,
949617,

Day 626
3,
949617,

Day 627
3,
949617,

Day 628
3,
949617,

Day 629
3,
949617,

Day 630
3,
949617,

Day 631
3,
949617,

Day 632
3,
949617,

Day 633
3,
949617,

Day 634
3,
949617,

Day 635
3,
949617,

Day 636
3,
949617,

Day 637
3,
949617,

Day 638
3,
949617,

Day 639
3,
949617,

Day 640
3,
949617,

Day 641
3,
949617,

Day 642
3,
949617,

Day 643
3,
949617,

Day 644
3,
949617,

Day 645
3,
949617,

Day 646
3,
949617,

Day 647
3,
949617,

Day 648
3,
949617,

Day 649
3,
949617,

Day 650
3,
949617,

Day 651
3,
949617,

Day 652
3,
949617,

Day 653
3,
949617,

Day 654
3,
949617,

Day 655
3,
949617,

Day 656
3,
949617,

Day 657
3,
949617,

Day 658
3,
949617,

Day 659
3,
949617,

Day 660
3,
949617,

Day 661
3,
949617,

Day 662
3,
949617,

Day 663
3,
949617,

Day 664
3,
949617,

Day 665
3,
949617,

Day 666
3,
949617,

Day 667
3,
949617,

Day 668
3,
949617,

Day 669
3,
949617,

Day 670
3,
949617,

Day 671
3,
949617,

Day 672
3,
949617,

Day 673
3,
949617,

Day 674
3,
949617,

Day 675
3,
949617,

Day 676
3,
949617,

Day 677
3,
949617,

Day 678
3,
949617,

Day 679
3,
949617,

Day 680
3,
949617,

Day 681
3,
949617,

Day 682
3,
949617,

Day 683
3,
949617,

Day 684
3,
949617,

Day 685
3,
949617,

Day 686
3,
949617,

Day 687
3,
949617,

Day 688
3,
949617,

Day 689
3,
949617,

Day 690
3,
949617,

Day 691
3,
949617,

Day 692
3,
949617,

Day 693
3,
949617,

Day 694
3,
949617,

Day 695
3,
949617,

Day 696
3,
949617,

Day 697
3,
949617,

Day 698
3,
949617,

Day 699
3,
949617,

Day 700
3,
949617,

Day 701
3,
949617,

Day 702
3,
949617,

Day 703
3,
949617,

Day 704
3,
949617,

Day 705
3,
949617,

Day 706
3,
949617,

Day 707
3,
949617,

Day 708
3,
949617,

Day 709
3,
949617,

Day 710
3,
949617,

Day 711
3,
949617,

Day 712
3,
949617,

Day 713
3,
949617,

Day 714
3,
949617,

Day 715
3,
949617,

Day 716
3,
949617,

Day 717
3,
949617,

Day 718
3,
949617,

Day 719
3,
949617,

Day 720
3,
949617,

Day 721
3,
949617,

Day 722
3,
949617,

Day 723
3,
949617,

Day 724
3,
949617,

Day 725
3,
949617,

Day 726
3,
949617,

Day 727
3,
949617,

Day 728
3,
949617,

Day 729
3,
949617,

Day 730
3,
949617,

Day 731
3,
949617,

Day 732
3,
949617,

Day 733
3,
949617,

Day 734
3,
949617,

Day 735
3,
949617,

Day 736
3,
949617,

Day 737
3,
949617,

Day 738
3,
949617,

Day 739
3,
949617,

Day 740
3,
949617,

Day 741
3,
949617,

Day 742
3,
949617,

Day 743
3,
949617,

Day 744
3,
949617,

Day 745
3,
949617,

Day 746
3,
949617,

Day 747
3,
949617,

Day 748
3,
949617,

Day 749
3,
949617,

Day 750
3,
949617,

Day 751
3,
949617,

Day 752
3,
949617,

Day 753
3,
949617,

Day 754
3,
949617,

Day 755
3,
949617,

Day 756
3,
949617,

Day 757
3,
949617,

Day 758
3,
949617,

Day 759
3,
949617,

Day 760
3,
949617,

Day 761
3,
949617,

Day 762
3,
949617,

Day 763
3,
949617,

Day 764
3,
949617,

Day 765
3,
949617,

Day 766
3,
949617,

Day 767
3,
949617,

Day 768
3,
949617,

Day 769
3,
949617,

Day 770
3,
949617,

Day 771
3,
949617,

Day 772
3,
949617,

Day 773
3,
949617,

Day 774
3,
949617,

Day 775
3,
949617,

Day 776
3,
949617,

Day 777
3,
949617,

Day 778
3,
949617,

Day 779
3,
949617,

Day 780
3,
949617,

Day 781
3,
949617,

Day 782
3,
949617,

Day 783
3,
949617,

Day 784
3,
949617,

Day 785
3,
949617,

Day 786
3,
949617,

Day 787
3,
949617,

Day 788
3,
949617,

Day 789
3,
949617,

Day 790
3,
949617,

Day 791
3,
949617,

Day 792
3,
949617,

Day 793
3,
949617,

Day 794
3,
949617,

Day 795
3,
949617,

Day 796
3,
949617,

Day 797
3,
949617,

Day 798
3,
949617,

Day 799
3,
949617,

Day 800
3,
949617,

Day 801
3,
949617,

Day 802
3,
949617,

Day 803
3,
949617,

Day 804
3,
949617,

Day 805
3,
949617,

Day 806
3,
949617,

Day 807
3,
949617,

Day 808
3,
949617,

Day 809
3,
949617,

Day 810
3,
949617,

Day 811
3,
949617,

Day 812
3,
949617,

Day 813
3,
949617,

Day 814
3,
949617,

Day 815
3,
949617,

Day 816
3,
949617,

Day 817
3,
949617,

Day 818
3,
949617,

Day 819
3,
949617,

Day 820
3,
949617,

Day 821
3,
949617,

Day 822
3,
949617,

Day 823
3,
949617,

Day 824
3,
949617,

Day 825
3,
949617,

Day 826
3,
949617,

Day 827
3,
949617,

Day 828
3,
949617,

Day 829
3,
949617,

Day 830
3,
949617,

Day 831
3,
949617,

Day 832
3,
949617,

Day 833
3,
949617,

Day 834
3,
949617,

Day 835
3,
949617,

Day 836
3,
949617,

Day 837
3,
949617,

Day 838
3,
949617,

Day 839
3,
949617,

Day 840
3,
949617,

Day 841
3,
949617,

Day 842
3,
949617,

Day 843
3,
949617,

Day 844
3,
949617,

Day 845
3,
949617,

Day 846
3,
949617,

Day 847
3,
949617,

Day 848
3,
949617,

Day 849
3,
949617,

Day 850
3,
949617,

Day 851
3,
949617,

Day 852
3,
949617,

Day 853
3,
949617,

Day 854
3,
949617,

Day 855
3,
949617,

Day 856
3,
949617,

Day 857
3,
949617,

Day 858
3,
949617,

Day 859
3,
949617,

Day 860
3,
949617,

Day 861
3,
949617,

Day 862
3,
949617,

Day 863
3,
949617,

Day 864
3,
949617,

Day 865
3,
949617,

Day 866
3,
949617,

Day 867
3,
949617,

Day 868
3,
949617,

Day 869
3,
949617,

Day 870
3,
949617,

Day 871
3,
949617,

Day 872
3,
949617,

Day 873
3,
949617,

Day 874
3,
949617,

Day 875
3,
949617,

Day 876
3,
949617,

Day 877
3,
949617,

Day 878
3,
949617,

Day 879
3,
949617,

Day 880
3,
949617,

Day 881
3,
949617,

Day 882
3,
949617,

Day 883
3,
949617,

Day 884
3,
949617,

Day 885
3,
949617,

Day 886
3,
949617,

Day 887
3,
949617,

Day 888
3,
949617,

Day 889
3,
949617,

Day 890
3,
949617,

Day 891
3,
949617,

Day 892
3,
949617,

Day 893
3,
949617,

Day 894
3,
949617,

Day 895
3,
949617,

Day 896
3,
949617,

Day 897
3,
949617,

Day 898
3,
949617,

Day 899
3,
949617,

Day 900
3,
949617,

Day 901
3,
949617,

Day 902
3,
949617,

Day 903
3,
949617,

Day 904
3,
949617,

Day 905
3,
949617,

Day 906
3,
949617,

Day 907
3,
949617,

Day 908
3,
949617,

Day 909
3,
949617,

Day 910
3,
949617,

Day 911
3,
949617,

Day 912
3,
949617,

Day 913
3,
949617,

Day 914
3,
949617,

Day 915
3,
949617,

Day 916
3,
949617,

Day 917
3,
949617,

Day 918
3,
949617,

Day 919
3,
949617,

Day 920
3,
949617,

Day 921
3,
949617,

Day 922
3,
949617,

Day 923
3,
949617,

Day 924
3,
949617,

Day 925
3,
949617,

Day 926
3,
949617,

Day 927
3,
949617,

Day 928
3,
949617,

Day 929
3,
949617,

Day 930
3,
949617,

Day 931
3,
949617,

Day 932
3,
949617,

Day 933
3,
949617,

Day 934
3,
949617,

Day 935
3,
949617,

Day 936
3,
949617,

Day 937
3,
949617,

Day 938
3,
949617,

Day 939
3,
949617,

Day 940
3,
949617,

Day 941
3,
949617,

Day 942
3,
949617,

Day 943
3,
949617,

Day 944
3,
949617,

Day 945
3,
949617,

Day 946
3,
949617,

Day 947
3,
949617,

Day 948
3,
949617,

Day 949
3,
949617,

Day 950
3,
949617,

Day 951
3,
949617,

Day 952
3,
949617,

Day 953
3,
949617,

Day 954
3,
949617,

Day 955
3,
949617,

Day 956
3,
949617,

Day 957
3,
949617,

Day 958
3,
949617,

Day 959
3,
949617,

Day 960
3,
949617,

Day 961
3,
949617,

Day 962
3,
949617,

Day 963
3,
949617,

Day 964
3,
949617,

Day 965
3,
949617,

Day 966
3,
949617,

Day 967
3,
949617,

Day 968
3,
949617,

Day 969
3,
949617,

Day 970
3,
949617,

Day 971
3,
949617,

Day 972
3,
949617,

Day 973
3,
949617,

Day 974
3,
949617,

Day 975
3,
949617,

Day 976
3,
949617,

Day 977
3,
949617,

Day 978
3,
949617,

Day 979
3,
949617,

Day 980
3,
949617,

Day 981
3,
949617,

Day 982
3,
949617,

Day 983
3,
949617,

Day 984
3,
949617,

Day 985
3,
949617,

Day 986
3,
949617,

Day 987
3,
949617,

Day 988
3,
949617,

Day 989
3,
949617,

Day 990
3,
949617,

Day 991
3,
949617,

Day 992
3,
949617,

Day 993
3,
949617,

Day 994
3,
949617,

Day 995
3,
949617,

Day 996
3,
949617,

Day 997
3,
949617,

Day 998
3,
949617,

Day 999
3,
949617,

Day 1000
3,
949617,

Day 1001
3,
949617,

Day 1002
3,
949617,

Day 1003
3,
949617,

Day 1004
3,
949617,

Day 1005
3,
949617,

Day 1006
3,
949617,

Day 1007
3,
949617,

Day 1008
3,
949617,

Day 1009
3,
949617,

Day 1010
3,
949617,

Day 1011
3,
949617,

Day 1012
3,
949617,

Day 1013
3,
949617,

Day 1014
3,
949617,

Day 1015
3,
949617,

Day 1016
3,
949617,

Day 1017
3,
949617,

Day 1018
3,
949617,

Day 1019
3,
949617,

Day 1020
3,
949617,

Day 1021
3,
949617,

Day 1022
3,
949617,

Day 1023
3,
949617,

Day 1024
3,
949617,

Day 1025
3,
949617,

Day 1026
3,
949617,

Day 1027
3,
949617,

Day 1028
3,
949617,

Day 1029
3,
949617,

Day 1030
3,
949617,

Day 1031
3,
949617,

Day 1032
3,
949617,

Day 1033
3,
949617,

Day 1034
3,
949617,

Day 1035
3,
949617,

Day 1036
3,
949617,

Day 1037
3,
949617,

Day 1038
3,
949617,

Day 1039
3,
949617,

Day 1040
3,
949617,

Day 1041
3,
949617,

Day 1042
3,
949617,

Day 1043
3,
949617,

Day 1044
3,
949617,

Day 1045
3,
949617,

Day 1046
3,
949617,

Day 1047
3,
949617,

Day 1048
3,
949617,

Day 1049
3,
949617,

Day 1050
3,
949617,

Day 1051
3,
949617,

Day 1052
3,
949617,

Day 1053
3,
949617,

Day 1054
3,
949617,

Day 1055
3,
949617,

Day 1056
3,
949617,

Day 1057
3,
949617,

Day 1058
3,
949617,

Day 1059
3,
949617,

Day 1060
3,
949617,

Day 1061
3,
949617,

Day 1062
3,
949617,

Day 1063
3,
949617,

Day 1064
3,
949617,

Day 1065
3,
949617,

Day 1066
3,
949617,

Day 1067
3,
949617,

Day 1068
3,
949617,

Day 1069
3,
949617,

Day 1070
3,
949617,

Day 1071
3,
949617,

Day 1072
3,
949617,

Day 1073
3,
949617,

Day 1074
3,
949617,

Day 1075
3,
949617,

Day 1076
3,
949617,

Day 1077
3,
949617,

Day 1078
3,
949617,

Day 1079
3,
949617,

Day 1080
3,
949617,

Day 1081
3,
949617,

Day 1082
3,
949617,

Day 1083
3,
949617,

Day 1084
3,
949617,

Day 1085
3,
949617,

Day 1086
3,
949617,

Day 1087
3,
949617,

Day 1088
3,
949617,

Day 1089
3,
949617,

Day 1090
3,
949617,

Day 1091
3,
949617,

Day 1092
3,
949617,

Day 1093
3,
949617,

Day 1094
3,
949617,

Day 1095
3,
949617,

Day 1096
3,
949617,

Day 1097
3,
949617,

Day 1098
3,
949617,

Day 1099
3,
949617,

Day 1100
3,
949617,

Day 1101
3,
949617,

Day 1102
3,
949617,

Day 1103
3,
949617,

Day 1104
3,
949617,

Day 1105
3,
949617,

Day 1106
3,
949617,

Day 1107
3,
949617,

Day 1108
3,
949617,

Day 1109
3,
949617,

Day 1110
3,
949617,

Day 1111
3,
949617,

Day 1112
3,
949617,

Day 1113
3,
949617,

Day 1114
3,
949617,

Day 1115
3,
949617,

Day 1116
3,
949617,

Day 1117
3,
949617,

Day 1118
3,
949617,

Day 1119
3,
949617,

Day 1120
3,
949617,

Day 1121
3,
949617,

Day 1122
3,
949617,

Day 1123
3,
949617,

Day 1124
3,
949617,

Day 1125
3,
949617,

Day 1126
3,
949617,

Day 1127
3,
949617,

Day 1128
3,
949617,

Day 1129
3,
949617,

Day 1130
3,
949617,

Day 1131
3,
949617,

Day 1132
3,
949617,

Day 1133
3,
949617,

Day 1134
3,
949617,

Day 1135
3,
949617,

Day 1136
3,
949617,

Day 1137
3,
949617,

Day 1138
3,
949617,

Day 1139
3,
949617,

Day 1140
3,
949617,

Day 1141
3,
949617,

Day 1142
3,
949617,

Day 1143
3,
949617,

Day 1144
3,
949617,

Day 1145
3,
949617,

Day 1146
3,
949617,

Day 1147
3,
949617,

Day 1148
3,
949617,

Day 1149
3,
949617,

Day 1150
3,
949617,

Day 1151
3,
949617,

Day 1152
3,
949617,

Day 1153
3,
949617,

Day 1154
3,
949617,

Day 1155
3,
949617,

Day 1156
3,
949617,

Day 1157
3,
949617,

Day 1158
3,
949617,

Day 1159
3,
949617,

Day 1160
3,
949617,

Day 1161
3,
949617,

Day 1162
3,
949617,

Day 1163
3,
949617,

Day 1164
3,
949617,

Day 1165
3,
949617,

Day 1166
3,
949617,

Day 1167
3,
949617,

Day 1168
3,
949617,

Day 1169
3,
949617,

Day 1170
3,
949617,

Day 1171
3,
949617,

Day 1172
3,
949617,

Day 1173
3,
949617,

Day 1174
3,
949617,

Day 1175
3,
949617,

Day 1176
3,
949617,

Day 1177
3,
949617,

Day 1178
3,
949617,

Day 1179
3,
949617,

Day 1180
3,
949617,

Day 1181
3,
949617,

Day 1182
3,
949617,

Day 1183
3,
949617,

Day 1184
3,
949617,

Day 1185
3,
949617,

Day 1186
3,
949617,

Day 1187
3,
949617,

Day 1188
3,
949617,

Day 1189
3,
949617,

Day 1190
3,
949617,

Day 1191
3,
949617,

Day 1192
3,
949617,

Day 1193
3,
949617,

Day 1194
3,
949617,

Day 1195
3,
949617,

Day 1196
3,
949617,

Day 1197
3,
949617,

Day 1198
3,
949617,

Day 1199
3,
949617,

Day 1200
3,
949617,

Day 1201
3,
949617,

Day 1202
3,
949617,

Day 1203
3,
949617,

Day 1204
3,
949617,

Day 1205
3,
949617,

Day 1206
3,
949617,

Day 1207
3,
949617,

Day 1208
3,
949617,

Day 1209
3,
949617,

Day 1210
3,
949617,

Day 1211
3,
949617,

Day 1212
3,
949617,

Day 1213
3,
949617,

Day 1214
3,
949617,

Day 1215
3,
949617,

Day 1216
3,
949617,

Day 1217
3,
949617,

Day 1218
3,
949617,

Day 1219
3,
949617,

Day 1220
3,
949617,

Day 1221
3,
949617,

Day 1222
3,
949617,

Day 1223
3,
949617,

Day 1224
3,
949617,

Day 1225
3,
949617,

Day 1226
3,
949617,

Day 1227
3,
949617,

Day 1228
3,
949617,

Day 1229
3,
949617,

Day 1230
3,
949617,

Day 1231
3,
949617,

Day 1232
3,
949617,

Day 1233
3,
949617,

Day 1234
3,
949617,

Day 1235
3,
949617,

Day 1236
3,
949617,

Day 1237
3,
949617,

Day 1238
3,
949617,

Day 1239
3,
949617,

Day 1240
3,
949617,

Day 1241
3,
949617,

Day 1242
3,
949617,

Day 1243
3,
949617,

Day 1244
3,
949617,

Day 1245
3,
949617,

Day 1246
3,
949617,

Day 1247
3,
949617,

Day 1248
3,
949617,

Day 1249
3,
949617,

Day 1250
3,
949617,

Day 1251
3,
949617,

Day 1252
3,
949617,

Day 1253
3,
949617,

Day 1254
3,
949617,

Day 1255
3,
949617,

Day 1256
3,
949617,

Day 1257
3,
949617,

Day 1258
3,
949617,

Day 1259
3,
949617,

Day 1260
3,
949617,

Day 1261
3,
949617,

Day 1262
3,
949617,

Day 1263
3,
949617,

Day 1264
3,
949617,

Day 1265
3,
949617,

Day 1266
3,
949617,

Day 1267
3,
949617,

Day 1268
3,
949617,

Day 1269
3,
949617,

Day 1270
3,
949617,

Day 1271
3,
949617,

Day 1272
3,
949617,

Day 1273
3,
949617,

Day 1274
3,
949617,

Day 1275
3,
949617,

Day 1276
3,
949617,

Day 1277
3,
949617,

Day 1278
3,
949617,

Day 1279
3,
949617,

Day 1280
3,
949617,

Day 1281
3,
949617,

Day 1282
3,
949617,

Day 1283
3,
949617,

Day 1284
3,
949617,

Day 1285
3,
949617,

Day 1286
3,
949617,

Day 1287
3,
949617,

Day 1288
3,
949617,

Day 1289
3,
949617,

Day 1290
3,
949617,

Day 1291
3,
949617,

Day 1292
3,
949617,

Day 1293
3,
949617,

Day 1294
3,
949617,

Day 1295
3,
949617,

Day 1296
3,
949617,

Day 1297
3,
949617,

Day 1298
3,
949617,

Day 1299
3,
949617,

Day 1300
3,
949617,

Day 1301
3,
949617,

Day 1302
3,
949617,

Day 1303
3,
949617,

Day 1304
3,
949617,

Day 1305
3,
949617,

Day 1306
3,
949617,

Day 1307
3,
949617,

Day 1308
3,
949617,

Day 1309
3,
949617,

Day 1310
3,
949617,

Day 1311
3,
949617,

Day 1312
3,
949617,

Day 1313
3,
949617,

Day 1314
3,
949617,

Day 1315
3,
949617,

Day 1316
3,
949617,

Day 1317
3,
949617,

Day 1318
3,
949617,

Day 1319
3,
949617,

Day 1320
3,
949617,

Day 1321
3,
949617,

Day 1322
3,
949617,

Day 1323
3,
949617,

Day 1324
3,
949617,

Day 1325
3,
949617,

Day 1326
3,
949617,

Day 1327
3,
949617,

Day 1328
3,
949617,

Day 1329
3,
949617,

Day 1330
3,
949617,

Day 1331
3,
949617,

Day 1332
3,
949617,

Day 1333
3,
949617,

Day 1334
3,
949617,

Day 1335
3,
949617,

Day 1336
3,
949617,

Day 1337
3,
949617,

Day 1338
3,
949617,

Day 1339
3,
949617,

Day 1340
3,
949617,

Day 1341
3,
949617,

Day 1342
3,
949617,

Day 1343
3,
949617,

Day 1344
3,
949617,

Day 1345
3,
949617,

Day 1346
3,
949617,

Day 1347
3,
949617,

Day 1348
3,
949617,

Day 1349
3,
949617,

Day 1350
3,
949617,

Day 1351
3,
949617,

Day 1352
3,
949617,

Day 1353
3,
949617,

Day 1354
3,
949617,

Day 1355
3,
949617,

Day 1356
3,
949617,

Day 1357
3,
949617,

Day 1358
3,
949617,

Day 1359
3,
949617,

Day 1360
3,
949617,

Day 1361
3,
949617,

Day 1362
3,
949617,

Day 1363
3,
949617,

Day 1364
3,
949617,

Day 1365
3,
949617,

Day 1366
3,
949617,

Day 1367
3,
949617,

Day 1368
3,
949617,

Day 1369
3,
949617,

Day 1370
3,
949617,

Day 1371
3,
949617,

Day 1372
3,
949617,

Day 1373
3,
949617,

Day 1374
3,
949617,

Day 1375
3,
949617,

Day 1376
3,
949617,

Day 1377
3,
949617,

Day 1378
3,
949617,

Day 1379
3,
949617,

Day 1380
3,
949617,

Day 1381
3,
949617,

Day 1382
3,
949617,

Day 1383
3,
949617,

Day 1384
3,
949617,

Day 1385
3,
949617,

Day 1386
3,
949617,

Day 1387
3,
949617,

Day 1388
3,
949617,

Day 1389
3,
949617,

Day 1390
3,
949617,

Day 1391
3,
949617,

Day 1392
3,
949617,

Day 1393
3,
949617,

Day 1394
3,
949617,

Day 1395
3,
949617,

Day 1396
3,
949617,

Day 1397
3,
949617,

Day 1398
3,
949617,

Day 1399
3,
949617,

Day 1400
3,
949617,

Day 1401
3,
949617,

Day 1402
3,
949617,

Day 1403
3,
949617,

Day 1404
3,
949617,

Day 1405
3,
949617,

Day 1406
3,
949617,

Day 1407
3,
949617,

Day 1408
3,
949617,

Day 1409
3,
949617,

Day 1410
3,
949617,

Day 1411
3,
949617,

Day 1412
3,
949617,

Day 1413
3,
949617,

Day 1414
3,
949617,

Day 1415
3,
949617,

Day 1416
3,
949617,

Day 1417
3,
949617,

Day 1418
3,
949617,

Day 1419
3,
949617,

Day 1420
3,
949617,

Day 1421
3,
949617,

Day 1422
3,
949617,

Day 1423
3,
949617,

Day 1424
3,
949617,

Day 1425
3,
949617,

Day 1426
3,
949617,

Day 1427
3,
949617,

Day 1428
3,
949617,

Day 1429
3,
949617,

Day 1430
3,
949617,

Day 1431
3,
949617,

Day 1432
3,
949617,

Day 1433
3,
949617,

Day 1434
3,
949617,

Day 1435
3,
949617,

Day 1436
3,
949617,

Day 1437
3,
949617,

Day 1438
3,
949617,

Day 1439
3,
949617,

Day 1440
3,
949617,

Day 1441
3,
949617,

Day 1442
3,
949617,

Day 1443
3,
949617,

Day 1444
3,
949617,

Day 1445
3,
949617,

Day 1446
3,
949617,

Day 1447
3,
949617,

Day 1448
3,
949617,

Day 1449
3,
949617,

Day 1450
3,
949617,

Day 1451
3,
949617,

Day 1452
3,
949617,

Day 1453
3,
949617,

Day 1454
3,
949617,

Day 1455
3,
949617,

Day 1456
3,
949617,

Day 1457
3,
949617,

Day 1458
3,
949617,

Day 1459
3,
949617,

Day 1460
3,
949617,

Day 1461
3,
949617,

Day 1462
3,
949617,

Day 1463
3,
949617,

Day 1464
3,
949617,

Day 1465
3,
949617,

Day 1466
3,
949617,

Day 1467
3,
949617,

Day 1468
3,
949617,

Day 1469
3,
949617,

Day 1470
3,
949617,

Day 1471
3,
949617,

Day 1472
3,
949617,

Day 1473
3,
949617,

Day 1474
3,
949617,

Day 1475
3,
949617,

Day 1476
3,
949617,

Day 1477
3,
949617,

Day 1478
3,
949617,

Day 1479
3,
949617,

Day 1480
3,
949617,

Day 1481
3,
949617,

Day 1482
3,
949617,

Day 1483
3,
949617,

Day 1484
3,
949617,

Day 1485
3,
949617,

Day 1486
3,
949617,

Day 1487
3,
949617,

Day 1488
3,
949617,

Day 1489
3,
949617,

Day 1490
3,
949617,

Day 1491
3,
949617,

Day 1492
3,
949617,

Day 1493
3,
949617,

Day 1494
3,
949617,

Day 1495
3,
949617,

Day 1496
3,
949617,

Day 1497
3,
949617,

Day 1498
3,
949617,

Day 1499
3,
949617,

Day 1500
3,
949617,

Day 1501
3,
949617,

Day 1502
3,
949617,

Day 1503
3,
949617,

Day 1504
3,
949617,

Day 1505
3,
949617,

Day 1506
3,
949617,

Day 1507
3,
949617,

Day 1508
3,
949617,

Day 1509
3,
949617,

Day 1510
3,
949617,

Day 1511
3,
949617,

Day 1512
3,
949617,

Day 1513
3,
949617,

Day 1514
3,
949617,

Day 1515
3,
949617,

Day 1516
3,
949617,

Day 1517
3,
949617,

Day 1518
3,
949617,

Day 1519
3,
949617,

Day 1520
3,
949617,

Day 1521
3,
949617,

Day 1522
3,
949617,

Day 1523
3,
949617,

Day 1524
3,
949617,

Day 1525
3,
949617,

Day 1526
3,
949617,

Day 1527
3,
949617,

Day 1528
3,
949617,

Day 1529
3,
949617,

Day 1530
3,
949617,

Day 1531
3,
949617,

Day 1532
3,
949617,

Day 1533
3,
949617,

Day 1534
3,
949617,

Day 1535
3,
949617,

Day 1536
3,
949617,

Day 1537
3,
949617,

Day 1538
3,
949617,

Day 1539
3,
949617,

Day 1540
3,
949617,

Day 1541
3,
949617,

Day 1542
3,
949617,

Day 1543
3,
949617,

Day 1544
3,
949617,

Day 1545
3,
949617,

Day 1546
3,
949617,

Day 1547
3,
949617,

Day 1548
3,
949617,

Day 1549
3,
949617,

Day 1550
3,
949617,

Day 1551
3,
949617,

Day 1552
3,
949617,

Day 1553
3,
949617,

Day 1554
3,
949617,

Day 1555
3,
949617,

Day 1556
3,
949617,

Day 1557
3,
949617,

Day 1558
3,
949617,

Day 1559
3,
949617,

Day 1560
3,
949617,

Day 1561
3,
949617,

Day 1562
3,
949617,

Day 1563
3,
949617,

Day 1564
3,
949617,

Day 1565
3,
949617,

Day 1566
3,
949617,

Day 1567
3,
949617,

Day 1568
3,
949617,

Day 1569
3,
949617,

Day 1570
3,
949617,

Day 1571
3,
949617,

Day 1572
3,
949617,

Day 1573
3,
949617,

Day 1574
3,
949617,

Day 1575
3,
949617,

Day 1576
3,
949617,

Day 1577
3,
949617,

Day 1578
3,
949617,

Day 1579
3,
949617,

Day 1580
3,
949617,

Day 1581
3,
949617,

Day 1582
3,
949617,

Day 1583
3,
949617,

Day 1584
3,
949617,

Day 1585
3,
949617,

Day 1586
3,
949617,

Day 1587
3,
949617,

Day 1588
3,
949617,

Day 1589
3,
949617,

Day 1590
3,
949617,

Day 1591
3,
949617,

Day 1592
3,
949617,

Day 1593
3,
949617,

Day 1594
3,
949617,

Day 1595
3,
949617,

Day 1596
3,
949617,

Day 1597
3,
949617,

Day 1598
3,
949617,

Day 1599
3,
949617,

Day 1600
3,
949617,

Day 1601
3,
949617,

Day 1602
3,
949617,

Day 1603
3,
949617,

Day 1604
3,
949617,

Day 1605
3,
949617,

Day 1606
3,
949617,

Day 1607
3,
949617,

Day 1608
3,
949617,

Day 1609
3,
949617,

Day 1610
3,
949617,

Day 1611
3,
949617,

Day 1612
3,
949617,

Day 1613
3,
949617,

Day 1614
3,
949617,

Day 1615
3,
949617,

Day 1616
3,
949617,

Day 1617
3,
949617,

Day 1618
3,
949617,

Day 1619
3,
949617,

Day 1620
3,
949617,

Day 1621
3,
949617,

Day 1622
3,
949617,

Day 1623
3,
949617,

Day 1624
3,
949617,

Day 1625
3,
949617,

Day 1626
3,
949617,

Day 1627
3,
949617,

Day 1628
3,
949617,

Day 1629
3,
949617,

Day 1630
3,
949617,

Day 1631
3,
949617,

Day 1632
3,
949617,

Day 1633
3,
949617,

Day 1634
3,
949617,

Day 1635
3,
949617,

Day 1636
3,
949617,

Day 1637
3,
949617,

Day 1638
3,
949617,

Day 1639
3,
949617,

Day 1640
3,
949617,

Day 1641
3,
949617,

Day 1642
3,
949617,

Day 1643
3,
949617,

Day 1644
3,
949617,

Day 1645
3,
949617,

Day 1646
3,
949617,

Day 1647
3,
949617,

Day 1648
3,
949617,

Day 1649
3,
949617,

Day 1650
3,
949617,

Day 1651
3,
949617,

Day 1652
3,
949617,

Day 1653
3,
949617,

Day 1654
3,
949617,

Day 1655
3,
949617,

Day 1656
3,
949617,

Day 1657
3,
949617,

Day 1658
3,
949617,

Day 1659
3,
949617,

Day 1660
3,
949617,

Day 1661
3,
949617,

Day 1662
3,
949617,

Day 1663
3,
949617,

Day 1664
3,
949617,

Day 1665
3,
949617,

Day 1666
3,
949617,

Day 1667
3,
949617,

Day 1668
3,
949617,

Day 1669
3,
949617,

Day 1670
3,
949617,

Day 1671
3,
949617,

Day 1672
3,
949617,

Day 1673
3,
949617,

Day 1674
3,
949617,

Day 1675
3,
949617,

Day 1676
3,
949617,

Day 1677
3,
949617,

Day 1678
3,
949617,

Day 1679
3,
949617,

Day 1680
3,
949617,

Day 1681
3,
949617,

Day 1682
3,
949617,

Day 1683
3,
949617,

Day 1684
3,
949617,

Day 1685
3,
949617,

Day 1686
3,
949617,

Day 1687
3,
949617,

Day 1688
3,
949617,

Day 1689
3,
949617,

Day 1690
3,
949617,

Day 1691
3,
949617,

Day 1692
3,
949617,

Day 1693
3,
949617,

Day 1694
3,
949617,

Day 1695
3,
949617,

Day 1696
3,
949617,

Day 1697
3,
949617,

Day 1698
3,
949617,

Day 1699
3,
949617,

Day 1700
3,
949617,

Day 1701
3,
949617,

Day 1702
3,
949617,

Day 1703
3,
949617,

Day 1704
3,
949617,

Day 1705
3,
949617,

Day 1706
3,
949617,

Day 1707
3,
949617,

Day 1708
3,
949617,

Day 1709
3,
949617,

Day 1710
3,
949617,

Day 1711
3,
949617,

Day 1712
3,
949617,

Day 1713
3,
949617,

Day 1714
3,
949617,

Day 1715
3,
949617,

Day 1716
3,
949617,

Day 1717
3,
949617,

Day 1718
3,
949617,

Day 1719
3,
949617,

Day 1720
3,
949617,

Day 1721
3,
949617,

Day 1722
3,
949617,

Day 1723
3,
949617,

Day 1724
3,
949617,

Day 1725
3,
949617,

Day 1726
3,
949617,

Day 1727
3,
949617,

Day 1728
3,
949617,

Day 1729
3,
949617,

Day 1730
3,
949617,

Day 1731
3,
949617,

Day 1732
3,
949617,

Day 1733
3,
949617,

Day 1734
3,
949617,

Day 1735
3,
949617,

Day 1736
3,
949617,

Day 1737
3,
949617,

Day 1738
3,
949617,

Day 1739
3,
949617,

Day 1740
3,
949617,

Day 1741
3,
949617,

Day 1742
3,
949617,

Day 1743
3,
949617,

Day 1744
3,
949617,

Day 1745
3,
949617,

Day 1746
3,
949617,

Day 1747
3,
949617,

Day 1748
3,
949617,

Day 1749
3,
949617,

Day 1750
3,
949617,

Day 1751
3,
949617,

Day 1752
3,
949617,

Day 1753
3,
949617,

Day 1754
3,
949617,

Day 1755
3,
949617,

Day 1756
3,
949617,

Day 1757
3,
949617,

Day 1758
3,
949617,

Day 1759
3,
949617,

Day 1760
3,
949617,

Day 1761
3,
949617,

Day 1762
3,
949617,

Day 1763
3,
949617,

Day 1764
3,
949617,

Day 1765
3,
949617,

Day 1766
3,
949617,

Day 1767
3,
949617,

Day 1768
3,
949617,

Day 1769
3,
949617,

Day 1770
3,
949617,

Day 1771
3,
949617,

Day 1772
3,
949617,

Day 1773
3,
949617,

Day 1774
3,
949617,

Day 1775
3,
949617,

Day 1776
3,
949617,

Day 1777
3,
949617,

Day 1778
3,
949617,

Day 1779
3,
949617,

Day 1780
3,
949617,

Day 1781
3,
949617,

Day 1782
3,
949617,

Day 1783
3,
949617,

Day 1784
3,
949617,

Day 1785
3,
949617,

Day 1786
3,
949617,

Day 1787
3,
949617,

Day 1788
3,
949617,

Day 1789
3,
949617,

Day 1790
3,
949617,

Day 1791
3,
949617,

Day 1792
3,
949617,

Day 1793
3,
949617,

Day 1794
3,
949617,

Day 1795
3,
949617,

Day 1796
3,
949617,

Day 1797
3,
949617,

Day 1798
3,
949617,

Day 1799
3,
949617,

Day 1800
3,
949617,

Day 1801
3,
949617,

Day 1802
3,
949617,

Day 1803
3,
949617,

Day 1804
3,
949617,

Day 1805
3,
949617,

Day 1806
3,
949617,

Day 1807
3,
949617,

Day 1808
3,
949617,

Day 1809
3,
949617,

Day 1810
3,
949617,

Day 1811
3,
949617,

Day 1812
3,
949617,

Day 1813
3,
949617,

Day 1814
3,
949617,

Day 1815
3,
949617,

Day 1816
3,
949617,

Day 1817
3,
949617,

Day 1818
3,
949617,

Day 1819
3,
949617,

Day 1820
3,
949617,

Day 1821
3,
949617,

Day 1822
3,
949617,

Day 1823
3,
949617,

Day 1824
3,
949617,

Day 1825
4,
949617,

Day 1826
5,
949617,

Day 1827
6,
949617,

Day 1828
6,
949617,

Day 1829
6,
949617,

Day 1830
6,
949617,

Day 1831
6,
949617,

Day 1832
6,
949617,

Day 1833
6,
949617,

Day 1834
6,
949617,

Day 1835
6,
949617,

Day 1836
6,
949617,

Day 1837
6,
949617,

Day 1838
6,
949617,

Day 1839
6,
949617,

Day 1840
6,
949617,

Day 1841
6,
949617,

Day 1842
6,
949617,

Day 1843
6,
949617,

Day 1844
6,
949617,

Day 1845
6,
949617,

Day 1846
6,
949617,

Day 1847
6,
949617,

Day 1848
6,
949617,

Day 1849
6,
949617,

Day 1850
6,
949617,

Day 1851
6,
949617,

Day 1852
6,
949617,

Day 1853
6,
949617,

Day 1854
6,
949617,

Day 1855
6,
949617,

Day 1856
6,
949617,

Day 1857
6,
949617,

Day 1858
6,
949617,

Day 1859
6,
949617,

Day 1860
6,
949617,

Day 1861
6,
949617,

Day 1862
6,
949617,

Day 1863
6,
949617,

Day 1864
6,
949617,

Day 1865
6,
949617,

Day 1866
6,
949617,

Day 1867
6,
949617,

Day 1868
6,
949617,

Day 1869
6,
949617,

Day 1870
6,
949617,

Day 1871
6,
949617,

Day 1872
6,
949617,

Day 1873
6,
949617,

Day 1874
6,
949617,

Day 1875
6,
949617,

Day 1876
6,
949617,

Day 1877
6,
949617,

Day 1878
6,
949617,

Day 1879
6,
949617,

Day 1880
6,
949617,

Day 1881
6,
949617,

Day 1882
6,
949617,

Day 1883
6,
949617,

Day 1884
6,
949617,

Day 1885
6,
949617,

Day 1886
6,
949617,

Day 1887
6,
949617,

Day 1888
6,
949617,

Day 1889
6,
949617,

Day 1890
6,
949617,

Day 1891
6,
949617,

Day 1892
6,
949617,

Day 1893
6,
949617,

Day 1894
6,
949617,

Day 1895
6,
949617,

Day 1896
6,
949617,

Day 1897
6,
949617,

Day 1898
6,
949617,

Day 1899
6,
949617,

Day 1900
6,
949617,

Day 1901
6,
949617,

Day 1902
6,
949617,

Day 1903
6,
949617,

Day 1904
6,
949617,

Day 1905
6,
949617,

Day 1906
6,
949617,

Day 1907
6,
949617,

Day 1908
6,
949617,

Day 1909
6,
949617,

Day 1910
6,
949617,

Day 1911
6,
949617,

Day 1912
6,
949617,

Day 1913
6,
949617,

Day 1914
6,
949617,

Day 1915
6,
949617,

Day 1916
6,
949617,

Day 1917
6,
949617,

Day 1918
6,
949617,

Day 1919
6,
949617,

Day 1920
6,
949617,

Day 1921
6,
949617,

Day 1922
6,
949617,

Day 1923
6,
949617,

Day 1924
6,
949617,

Day 1925
6,
949617,

Day 1926
6,
949617,

Day 1927
6,
949617,

Day 1928
6,
949617,

Day 1929
6,
949617,

Day 1930
6,
949617,

Day 1931
6,
949617,

Day 1932
6,
949617,

Day 1933
6,
949617,

Day 1934
6,
949617,

Day 1935
6,
949617,

Day 1936
6,
949617,

Day 1937
6,
949617,

Day 1938
6,
949617,

Day 1939
6,
949617,

Day 1940
6,
949617,

Day 1941
6,
949617,

Day 1942
6,
949617,

Day 1943
6,
949617,

Day 1944
6,
949617,

Day 1945
6,
949617,

Day 1946
6,
949617,

Day 1947
6,
949617,

Day 1948
6,
949617,

Day 1949
6,
949617,

Day 1950
6,
949617,

Day 1951
6,
949617,

Day 1952
6,
949617,

Day 1953
6,
949617,

Day 1954
6,
949617,

Day 1955
6,
949617,

Day 1956
6,
949617,

Day 1957
6,
949617,

Day 1958
6,
949617,

Day 1959
6,
949617,

Day 1960
6,
949617,

Day 1961
6,
949617,

Day 1962
6,
949617,

Day 1963
6,
949617,

Day 1964
6,
949617,

Day 1965
6,
949617,

Day 1966
6,
949617,

Day 1967
6,
949617,

Day 1968
6,
949617,

Day 1969
6,
949617,

Day 1970
6,
949617,

Day 1971
6,
949617,

Day 1972
6,
949617,

Day 1973
6,
949617,

Day 1974
6,
949617,

Day 1975
6,
949617,

Day 1976
6,
949617,

Day 1977
6,
949617,

Day 1978
6,
949617,

Day 1979
6,
949617,

Day 1980
6,
949617,

Day 1981
6,
949617,

Day 1982
6,
949617,

Day 1983
6,
949617,

Day 1984
6,
949617,

Day 1985
6,
949617,

Day 1986
6,
949617,

Day 1987
6,
949617,

Day 1988
6,
949617,

Day 1989
6,
949617,

Day 1990
6,
949617,

Day 1991
6,
949617,

Day 1992
6,
949617,

Day 1993
6,
949617,

Day 1994
6,
949617,

Day 1995
6,
949617,

Day 1996
6,
949617,

Day 1997
6,
949617,

Day 1998
6,
949617,

Day 1999
6,
949617,

Day 2000
6,
949617,

Day 2001
6,
949617,

Day 2002
6,
949617,

Day 2003
6,
949617,

Day 2004
6,
949617,

Day 2005
6,
949617,

Day 2006
6,
949617,

Day 2007
6,
949617,

Day 2008
6,
949617,

Day 2009
6,
949617,

Day 2010
6,
949617,

Day 2011
6,
949617,

Day 2012
6,
949617,

Day 2013
6,
949617,

Day 2014
6,
949617,

Day 2015
6,
949617,

Day 2016
6,
949617,

Day 2017
6,
949617,

Day 2018
6,
949617,

Day 2019
6,
949617,

Day 2020
6,
949617,

Day 2021
6,
949617,

Day 2022
6,
949617,

Day 2023
6,
949617,

Day 2024
6,
949617,

Day 2025
6,
949617,

Day 2026
6,
949617,

Day 2027
6,
949617,

Day 2028
6,
949617,

Day 2029
6,
949617,

Day 2030
6,
949617,

Day 2031
6,
949617,

Day 2032
6,
949617,

Day 2033
6,
949617,

Day 2034
6,
949617,

Day 2035
6,
949617,

Day 2036
6,
949617,

Day 2037
6,
949617,

Day 2038
6,
949617,

Day 2039
6,
949617,

Day 2040
6,
949617,

Day 2041
6,
949617,

Day 2042
6,
949617,

Day 2043
6,
949617,

Day 2044
6,
949617,

Day 2045
6,
949617,

Day 2046
6,
949617,

Day 2047
6,
949617,

Day 2048
6,
949617,

Day 2049
6,
949617,

Day 2050
6,
949617,

Day 2051
6,
949617,

Day 2052
6,
949617,

Day 2053
6,
949617,

Day 2054
6,
949617,

Day 2055
6,
949617,

Day 2056
6,
949617,

Day 2057
6,
949617,

Day 2058
6,
949617,

Day 2059
6,
949617,

Day 2060
6,
949617,

Day 2061
6,
949617,

Day 2062
6,
949617,

Day 2063
6,
949617,

Day 2064
6,
949617,

Day 2065
6,
949617,

Day 2066
6,
949617,

Day 2067
6,
949617,

Day 2068
6,
949617,

Day 2069
6,
949617,

Day 2070
6,
949617,

Day 2071
6,
949617,

Day 2072
6,
949617,

Day 2073
6,
949617,

Day 2074
6,
949617,

Day 2075
6,
949617,

Day 2076
6,
949617,

Day 2077
6,
949617,

Day 2078
6,
949617,

Day 2079
6,
949617,

Day 2080
6,
949617,

Day 2081
6,
949617,

Day 2082
6,
949617,

Day 2083
6,
949617,

Day 2084
6,
949617,

Day 2085
6,
949617,

Day 2086
6,
949617,

Day 2087
6,
949617,

Day 2088
6,
949617,

Day 2089
6,
949617,

Day 2090
6,
949617,

Day 2091
6,
949617,

Day 2092
6,
949617,

Day 2093
6,
949617,

Day 2094
6,
949617,

Day 2095
6,
949617,

Day 2096
6,
949617,

Day 2097
6,
949617,

Day 2098
6,
949617,

Day 2099
6,
949617,

Day 2100
6,
949617,

Day 2101
6,
949617,

Day 2102
6,
949617,

Day 2103
6,
949617,

Day 2104
6,
949617,

Day 2105
6,
949617,

Day 2106
6,
949617,

Day 2107
6,
949617,

Day 2108
6,
949617,

Day 2109
6,
949617,

Day 2110
6,
949617,

Day 2111
6,
949617,

Day 2112
6,
949617,

Day 2113
6,
949617,

Day 2114
6,
949617,

Day 2115
6,
949617,

Day 2116
6,
949617,

Day 2117
6,
949617,

Day 2118
6,
949617,

Day 2119
6,
949617,

Day 2120
6,
949617,

Day 2121
6,
949617,

Day 2122
6,
949617,

Day 2123
6,
949617,

Day 2124
6,
949617,

Day 2125
6,
949617,

Day 2126
6,
949617,

Day 2127
6,
949617,

Day 2128
6,
949617,

Day 2129
6,
949617,

Day 2130
6,
949617,

Day 2131
6,
949617,

Day 2132
6,
949617,

Day 2133
6,
949617,

Day 2134
6,
949617,

Day 2135
6,
949617,

Day 2136
6,
949617,

Day 2137
6,
949617,

Day 2138
6,
949617,

Day 2139
6,
949617,

Day 2140
6,
949617,

Day 2141
6,
949617,

Day 2142
6,
949617,

Day 2143
6,
949617,

Day 2144
6,
949617,

Day 2145
6,
949617,

Day 2146
6,
949617,

Day 2147
6,
949617,

Day 2148
6,
949617,

Day 2149
6,
949617,

Day 2150
6,
949617,

Day 2151
6,
949617,

Day 2152
6,
949617,

Day 2153
6,
949617,

Day 2154
6,
949617,

Day 2155
6,
949617,

Day 2156
6,
949617,

Day 2157
6,
949617,

Day 2158
6,
949617,

Day 2159
6,
949617,

Day 2160
6,
949617,

Day 2161
6,
949617,

Day 2162
6,
949617,

Day 2163
6,
949617,

Day 2164
6,
949617,

Day 2165
6,
949617,

Day 2166
6,
949617,

Day 2167
6,
949617,

Day 2168
6,
949617,

Day 2169
6,
949617,

Day 2170
6,
949617,

Day 2171
6,
949617,

Day 2172
6,
949617,

Day 2173
6,
949617,

Day 2174
6,
949617,

Day 2175
6,
949617,

Day 2176
6,
949617,

Day 2177
6,
949617,

Day 2178
6,
949617,

Day 2179
6,
949617,

Day 2180
6,
949617,

Day 2181
6,
949617,

Day 2182
6,
949617,

Day 2183
6,
949617,

Day 2184
6,
949617,

Day 2185
6,
949617,

Day 2186
6,
949617,

Day 2187
6,
949617,

Day 2188
6,
949617,

Day 2189
6,
949617,

Day 2190
6,
949617,

Day 2191
6,
949617,

Day 2192
6,
949617,

Day 2193
6,
949617,

Day 2194
6,
949617,

Day 2195
6,
949617,

Day 2196
6,
949617,

Day 2197
6,
949617,

Day 2198
6,
949617,

Day 2199
6,
949617,

Day 2200
6,
949617,

Day 2201
6,
949617,

Day 2202
6,
949617,

Day 2203
6,
949617,

Day 2204
6,
949617,

Day 2205
6,
949617,

Day 2206
6,
949617,

Day 2207
6,
949617,

Day 2208
6,
949617,

Day 2209
6,
949617,

Day 2210
6,
949617,

Day 2211
6,
949617,

Day 2212
6,
949617,

Day 2213
6,
949617,

Day 2214
6,
949617,

Day 2215
6,
949617,

Day 2216
6,
949617,

Day 2217
6,
949617,

Day 2218
6,
949617,

Day 2219
6,
949617,

Day 2220
6,
949617,

Day 2221
6,
949617,

Day 2222
6,
949617,

Day 2223
6,
949617,

Day 2224
6,
949617,

Day 2225
6,
949617,

Day 2226
6,
949617,

Day 2227
6,
949617,

Day 2228
6,
949617,

Day 2229
6,
949617,

Day 2230
6,
949617,

Day 2231
6,
949617,

Day 2232
6,
949617,

Day 2233
6,
949617,

Day 2234
6,
949617,

Day 2235
6,
949617,

Day 2236
6,
949617,

Day 2237
6,
949617,

Day 2238
6,
949617,

Day 2239
6,
949617,

Day 2240
6,
949617,

Day 2241
6,
949617,

Day 2242
6,
949617,

Day 2243
6,
949617,

Day 2244
6,
949617,

Day 2245
6,
949617,

Day 2246
6,
949617,

Day 2247
6,
949617,

Day 2248
6,
949617,

Day 2249
6,
949617,

Day 2250
6,
949617,

Day 2251
6,
949617,

Day 2252
6,
949617,

Day 2253
6,
949617,

Day 2254
6,
949617,

Day 2255
6,
949617,

Day 2256
6,
949617,

Day 2257
6,
949617,

Day 2258
6,
949617,

Day 2259
6,
949617,

Day 2260
6,
949617,

Day 2261
6,
949617,

Day 2262
6,
949617,

Day 2263
6,
949617,

Day 2264
6,
949617,

Day 2265
6,
949617,

Day 2266
6,
949617,

Day 2267
6,
949617,

Day 2268
6,
949617,

Day 2269
6,
949617,

Day 2270
6,
949617,

Day 2271
6,
949617,

Day 2272
6,
949617,

Day 2273
6,
949617,

Day 2274
6,
949617,

Day 2275
6,
949617,

Day 2276
6,
949617,

Day 2277
6,
949617,

Day 2278
6,
949617,

Day 2279
6,
949617,

Day 2280
6,
949617,

Day 2281
6,
949617,

Day 2282
6,
949617,

Day 2283
6,
949617,

Day 2284
6,
949617,

Day 2285
6,
949617,

Day 2286
6,
949617,

Day 2287
6,
949617,

Day 2288
6,
949617,

Day 2289
6,
949617,

Day 2290
6,
949617,

Day 2291
6,
949617,

Day 2292
6,
949617,

Day 2293
6,
949617,

Day 2294
6,
949617,

Day 2295
6,
949617,

Day 2296
6,
949617,

Day 2297
6,
949617,

Day 2298
6,
949617,

Day 2299
6,
949617,

Day 2300
6,
949617,

Day 2301
6,
949617,

Day 2302
6,
949617,

Day 2303
6,
949617,

Day 2304
6,
949617,

Day 2305
6,
949617,

Day 2306
6,
949617,

Day 2307
6,
949617,

Day 2308
6,
949617,

Day 2309
6,
949617,

Day 2310
6,
949617,

Day 2311
6,
949617,

Day 2312
6,
949617,

Day 2313
6,
949617,

Day 2314
6,
949617,

Day 2315
6,
949617,

Day 2316
6,
949617,

Day 2317
6,
949617,

Day 2318
6,
949617,

Day 2319
6,
949617,

Day 2320
6,
949617,

Day 2321
6,
949617,

Day 2322
6,
949617,

Day 2323
6,
949617,

Day 2324
6,
949617,

Day 2325
6,
949617,

Day 2326
6,
949617,

Day 2327
6,
949617,

Day 2328
6,
949617,

Day 2329
6,
949617,

Day 2330
6,
949617,

Day 2331
6,
949617,

Day 2332
6,
949617,

Day 2333
6,
949617,

Day 2334
6,
949617,

Day 2335
6,
949617,

Day 2336
6,
949617,

Day 2337
6,
949617,

Day 2338
6,
949617,

Day 2339
6,
949617,

Day 2340
6,
949617,

Day 2341
6,
949617,

Day 2342
6,
949617,

Day 2343
6,
949617,

Day 2344
6,
949617,

Day 2345
6,
949617,

Day 2346
6,
949617,

Day 2347
6,
949617,

Day 2348
6,
949617,

Day 2349
6,
949617,

Day 2350
6,
949617,

Day 2351
6,
949617,

Day 2352
6,
949617,

Day 2353
6,
949617,

Day 2354
6,
949617,

Day 2355
6,
949617,

Day 2356
6,
949617,

Day 2357
6,
949617,

Day 2358
6,
949617,

Day 2359
6,
949617,

Day 2360
6,
949617,

Day 2361
6,
949617,

Day 2362
6,
949617,

Day 2363
6,
949617,

Day 2364
6,
949617,

Day 2365
6,
949617,

Day 2366
6,
949617,

Day 2367
6,
949617,

Day 2368
6,
949617,

Day 2369
6,
949617,

Day 2370
6,
949617,

Day 2371
6,
949617,

Day 2372
6,
949617,

Day 2373
6,
949617,

Day 2374
6,
949617,

Day 2375
6,
949617,

Day 2376
6,
949617,

Day 2377
6,
949617,

Day 2378
6,
949617,

Day 2379
6,
949617,

Day 2380
6,
949617,

Day 2381
6,
949617,

Day 2382
6,
949617,

Day 2383
6,
949617,

Day 2384
6,
949617,

Day 2385
6,
949617,

Day 2386
6,
949617,

Day 2387
6,
949617,

Day 2388
6,
949617,

Day 2389
6,
949617,

Day 2390
6,
949617,

Day 2391
6,
949617,

Day 2392
6,
949617,

Day 2393
6,
949617,

Day 2394
6,
949617,

Day 2395
6,
949617,

Day 2396
6,
949617,

Day 2397
6,
949617,

Day 2398
6,
949617,

Day 2399
6,
949617,

Day 2400
6,
949617,

Day 2401
6,
949617,

Day 2402
6,
949617,

Day 2403
6,
949617,

Day 2404
6,
949617,

Day 2405
6,
949617,

Day 2406
6,
949617,

Day 2407
6,
949617,

Day 2408
6,
949617,

Day 2409
6,
949617,

Day 2410
6,
949617,

Day 2411
6,
949617,

Day 2412
6,
949617,

Day 2413
6,
949617,

Day 2414
6,
949617,

Day 2415
6,
949617,

Day 2416
6,
949617,

Day 2417
6,
949617,

Day 2418
6,
949617,

Day 2419
6,
949617,

Day 2420
6,
949617,

Day 2421
6,
949617,

Day 2422
6,
949617,

Day 2423
6,
949617,

Day 2424
6,
949617,

Day 2425
6,
949617,

Day 2426
6,
949617,

Day 2427
6,
949617,

Day 2428
6,
949617,

Day 2429
6,
949617,

Day 2430
6,
949617,

Day 2431
6,
949617,

Day 2432
6,
949617,

Day 2433
6,
949617,

Day 2434
6,
949617,

Day 2435
6,
949617,

Day 2436
6,
949617,

Day 2437
6,
949617,

Day 2438
6,
949617,

Day 2439
6,
949617,

Day 2440
6,
949617,

Day 2441
6,
949617,

Day 2442
6,
949617,

Day 2443
6,
949617,

Day 2444
6,
949617,

Day 2445
6,
949617,

Day 2446
6,
949617,

Day 2447
6,
949617,

Day 2448
6,
949617,

Day 2449
6,
949617,

Day 2450
6,
949617,

Day 2451
6,
949617,

Day 2452
6,
949617,

Day 2453
6,
949617,

Day 2454
6,
949617,

Day 2455
6,
949617,

Day 2456
6,
949617,

Day 2457
6,
949617,

Day 2458
6,
949617,

Day 2459
6,
949617,

Day 2460
6,
949617,

Day 2461
6,
949617,

Day 2462
6,
949617,

Day 2463
6,
949617,

Day 2464
6,
949617,

Day 2465
6,
949617,

Day 2466
6,
949617,

Day 2467
6,
949617,

Day 2468
6,
949617,

Day 2469
6,
949617,

Day 2470
6,
949617,

Day 2471
6,
949617,

Day 2472
6,
949617,

Day 2473
6,
949617,

Day 2474
6,
949617,

Day 2475
6,
949617,

Day 2476
6,
949617,

Day 2477
6,
949617,

Day 2478
6,
949617,

Day 2479
6,
949617,

Day 2480
6,
949617,

Day 2481
6,
949617,

Day 2482
6,
949617,

Day 2483
6,
949617,

Day 2484
6,
949617,

Day 2485
6,
949617,

Day 2486
6,
949617,

Day 2487
6,
949617,

Day 2488
6,
949617,

Day 2489
6,
949617,

Day 2490
6,
949617,

Day 2491
6,
949617,

Day 2492
6,
949617,

Day 2493
6,
949617,

Day 2494
6,
949617,

Day 2495
6,
949617,

Day 2496
6,
949617,

Day 2497
6,
949617,

Day 2498
6,
949617,

Day 2499
6,
949617,

Day 2500
6,
949617,

Day 2501
6,
949617,

Day 2502
6,
949617,

Day 2503
6,
949617,

Day 2504
6,
949617,

Day 2505
6,
949617,

Day 2506
6,
949617,

Day 2507
6,
949617,

Day 2508
6,
949617,

Day 2509
6,
949617,

Day 2510
6,
949617,

Day 2511
6,
949617,

Day 2512
6,
949617,

Day 2513
6,
949617,

Day 2514
6,
949617,

Day 2515
6,
949617,

Day 2516
6,
949617,

Day 2517
6,
949617,

Day 2518
6,
949617,

Day 2519
6,
949617,

Day 2520
6,
949617,

Day 2521
6,
949617,

Day 2522
6,
949617,

Day 2523
6,
949617,

Day 2524
6,
949617,

Day 2525
6,
949617,

Day 2526
6,
949617,

Day 2527
6,
949617,

Day 2528
6,
949617,

Day 2529
6,
949617,

Day 2530
6,
949617,

Day 2531
6,
949617,

Day 2532
6,
949617,

Day 2533
6,
949617,

Day 2534
6,
949617,

Day 2535
6,
949617,

Day 2536
6,
949617,

Day 2537
6,
949617,

Day 2538
6,
949617,

Day 2539
6,
949617,

Day 2540
6,
949617,

Day 2541
6,
949617,

Day 2542
6,
949617,

Day 2543
6,
949617,

Day 2544
6,
949617,

Day 2545
6,
949617,

Day 2546
6,
949617,

Day 2547
6,
949617,

Day 2548
6,
949617,

Day 2549
6,
949617,

Day 2550
6,
949617,

Day 2551
6,
949617,

Day 2552
6,
949617,

Day 2553
6,
949617,

Day 2554
6,
949617,

Day 2555
4,
949617,

Day 2556
5,1,2,
949617,746618,746617,

Day 2557
5,2,2,
949617,949617,949617,

Day 2558
2,5,2,
949617,949617,949617,

Day 2559
2,5,2,
949617,949617,949617,

Day 2560
5,2,2,
949617,949617,949617,

Day 2561
5,2,2,
949617,949617,949617,

Day 2562
5,2,2,
949617,949617,949617,

Day 2563
5,2,2,
949617,949617,949617,

Day 2564
2,5,2,
949617,949617,949617,

Day 2565
2,5,2,
949617,949617,949617,

Day 2566
2,2,5,
949617,949617,949617,

Day 2567
2,5,2,
949617,949617,949617,

Day 2568
2,5,2,
949617,949617,949617,

Day 2569
5,2,2,
949617,949617,949617,

Day 2570
2,2,5,
949617,949617,949617,

Day 2571
2,2,5,
949617,949617,949617,

Day 2572
2,5,2,
949617,949617,949617,

Day 2573
2,5,2,
949617,949617,949617,

Day 2574
5,2,2,
949617,949617,949617,

Day 2575
5,2,2,
949617,949617,949617,

Day 2576
2,5,2,
949617,949617,949617,

Day 2577
2,2,5,
949617,949617,949617,

Day 2578
5,2,2,
949617,949617,949617,

Day 2579
5,2,2,
949617,949617,949617,

Day 2580
2,5,2,
949617,949617,949617,

Day 2581
2,5,2,
949617,949617,949617,

Day 2582
2,5,2,
949617,949617,949617,

Day 2583
5,2,2,
949617,949617,949617,

Day 2584
2,2,5,
949617,949617,949617,

Day 2585
2,5,2,
949617,949617,949617,

Day 2586
2,5,2,
949617,949617,949617,

Day 2587
2,2,5,
949617,949617,949617,

Day 2588
5,2,2,
949617,949617,949617,

Day 2589
2,5,2,
949617,949617,949617,

Day 2590
2,2,5,
949617,949617,949617,

Day 2591
2,5,2,
949617,949617,949617,

Day 2592
2,5,2,
949617,949617,949617,

Day 2593
2,5,2,
949617,949617,949617,

Day 2594
5,2,2,
949617,949617,949617,

Day 2595
5,2,2,
949617,949617,949617,

Day 2596
5,2,2,
949617,949617,949617,

Day 2597
2,2,5,
949617,949617,949617,

Day 2598
5,2,2,
949617,949617,949617,

Day 2599
2,5,2,
949617,949617,949617,

Day 2600
2,5,2,
949617,949617,949617,

Day 2601
2,5,2,
949617,949617,949617,

Day 2602
2,2,5,
949617,949617,949617,

Day 2603
2,5,2,
949617,949617,949617,

Day 2604
5,2,2,
949617,949617,949617,

Day 2605
2,2,5,
949617,949617,949617,

Day 2606
2,5,2,
949617,949617,949617,

Day 2607
2,2,5,
949617,949617,949617,

Day 2608
2,2,5,
949617,949617,949617,

Day 2609
2,2,5,
949617,949617,949617,

Day 2610
2,2,5,
949617,949617,949617,

Day 2611
2,5,2,
949617,949617,949617,

Day 2612
2,5,2,
949617,949617,949617,

Day 2613
2,5,2,
949617,949617,949617,

Day 2614
2,2,5,
949617,949617,949617,

Day 2615
2,5,2,
949617,949617,949617,

Day 2616
5,2,2,
949617,949617,949617,

Day 2617
5,2,2,
949617,949617,949617,

Day 2618
2,2,5,
949617,949617,949617,

Day 2619
2,2,5,
949617,949617,949617,

Day 2620
2,2,5,
949617,949617,949617,

Day 2621
2,5,2,
949617,949617,949617,

Day 2622
5,2,2,
949617,949617,949617,

Day 2623
2,2,5,
949617,949617,949617,

Day 2624
2,5,2,
949617,949617,949617,

Day 2625
5,2,2,
949617,949617,949617,

Day 2626
5,2,2,
949617,949617,949617,

Day 2627
5,2,2,
949617,949617,949617,

Day 2628
2,5,2,
949617,949617,949617,

Day 2629
2,5,2,
949617,949617,949617,

Day 2630
5,2,2,
949617,949617,949617,

Day 2631
2,5,2,
949617,949617,949617,

Day 2632
2,5,2,
949617,949617,949617,

Day 2633
2,2,5,
949617,949617,949617,

Day 2634
2,5,2,
949617,949617,949617,

Day 2635
2,5,2,
949617,949617,949617,

Day 2636
2,2,5,
949617,949617,949617,

Day 2637
2,5,2,
949617,949617,949617,

Day 2638
5,2,2,
949617,949617,949617,

Day 2639
2,5,2,
949617,949617,949617,

Day 2640
2,5,2,
949617,949617,949617,

Day 2641
5,2,2,
949617,949617,949617,

Day 2642
2,5,2,
949617,949617,949617,

Day 2643
2,2,5,
949617,949617,949617,

Day 2644
2,5,2,
949617,949617,949617,

Day 2645
5,2,2,
949617,949617,949617,

Day 2646
5,2,2,
949617,949617,949617,

Day 2647
5,2,2,
949617,949617,949617,

Day 2648
2,2,5,
949617,949617,949617,

Day 2649
5,2,2,
949617,949617,949617,

Day 2650
5,2,2,
949617,949617,949617,

Day 2651
5,2,2,
949617,949617,949617,

Day 2652
5,2,2,
949617,949617,949617,

Day 2653
5,2,2,
949617,949617,949617,

Day 2654
2,2,5,
949617,949617,949617,

Day 2655
2,2,5,
949617,949617,949617,

Day 2656
2,5,2,
949617,949617,949617,

Day 2657
5,2,2,
949617,949617,949617,

Day 2658
2,5,2,
949617,949617,949617,

Day 2659
2,5,2,
949617,949617,949617,

Day 2660
5,2,2,
949617,949617,949617,

Day 2661
5,2,2,
949617,949617,949617,

Day 2662
5,2,2,
949617,949617,949617,

Day 2663
2,2,5,
949617,949617,949617,

Day 2664
5,2,2,
949617,949617,949617,

Day 2665
5,2,2,
949617,949617,949617,

Day 2666
5,2,2,
949617,949617,949617,

Day 2667
5,2,2,
949617,949617,949617,

Day 2668
2,2,5,
949617,949617,949617,

Day 2669
5,2,2,
949617,949617,949617,

Day 2670
2,5,2,
949617,949617,949617,

Day 2671
5,2,2,
949617,949617,949617,

Day 2672
2,5,2,
949617,949617,949617,

Day 2673
2,2,5,
949617,949617,949617,

Day 2674
5,2,2,
949617,949617,949617,

Day 2675
2,5,2,
949617,949617,949617,

Day 2676
2,2,5,
949617,949617,949617,

Day 2677
5,2,2,
949617,949617,949617,

Day 2678
2,5,2,
949617,949617,949617,

Day 2679
5,2,2,
949617,949617,949617,

Day 2680
2,2,5,
949617,949617,949617,

Day 2681
2,2,5,
949617,949617,949617,

Day 2682
2,2,5,
949617,949617,949617,

Day 2683
2,2,5,
949617,949617,949617,

Day 2684
2,2,5,
949617,949617,949617,

Day 2685
5,2,2,
949617,949617,949617,

Day 2686
2,5,2,
949617,949617,949617,

Day 2687
2,2,5,
949617,949617,949617,

Day 2688
2,2,5,
949617,949617,949617,

Day 2689
2,2,5,
949617,949617,949617,

Day 2690
5,2,2,
949617,949617,949617,

Day 2691
5,2,2,
949617,949617,949617,

Day 2692
2,5,2,
949617,949617,949617,

Day 2693
5,2,2,
949617,949617,949617,

Day 2694
5,2,2,
949617,949617,949617,

Day 2695
2,2,5,
949617,949617,949617,

Day 2696
2,2,5,
949617,949617,949617,

Day 2697
2,2,5,
949617,949617,949617,

Day 2698
2,5,2,
949617,949617,949617,

Day 2699
2,5,2,
949617,949617,949617,

Day 2700
5,2,2,
949617,949617,949617,

Day 2701
5,2,2,
949617,949617,949617,

Day 2702
2,2,5,
949617,949617,949617,

Day 2703
2,2,5,
949617,949617,949617,

Day 2704
2,2,5,
949617,949617,949617,

Day 2705
2,5,2,
949617,949617,949617,

Day 2706
2,5,2,
949617,949617,949617,

Day 2707
5,2,2,
949617,949617,949617,

Day 2708
2,2,5,
949617,949617,949617,

Day 2709
5,2,2,
949617,949617,949617,

Day 2710
2,5,2,
949617,949617,949617,

Day 2711
5,2,2,
949617,949617,949617,

Day 2712
2,5,2,
949617,949617,949617,

Day 2713
5,2,2,
949617,949617,949617,

Day 2714
5,2,2,
949617,949617,949617,

Day 2715
2,5,2,
949617,949617,949617,

Day 2716
2,5,2,
949617,949617,949617,

Day 2717
2,5,2,
949617,949617,949617,

Day 2718
2,2,5,
949617,949617,949617,

Day 2719
2,2,5,
949617,949617,949617,

Day 2720
2,5,2,
949617,949617,949617,

Day 2721
2,2,5,
949617,949617,949617,

Day 2722
5,2,2,
949617,949617,949617,

Day 2723
2,5,2,
949617,949617,949617,

Day 2724
2,2,5,
949617,949617,949617,

Day 2725
2,2,5,
949617,949617,949617,

Day 2726
2,2,5,
949617,949617,949617,

Day 2727
5,2,2,
949617,949617,949617,

Day 2728
5,2,2,
949617,949617,949617,

Day 2729
2,2,5,
949617,949617,949617,

Day 2730
2,5,2,
949617,949617,949617,

Day 2731
2,5,2,
949617,949617,949617,

Day 2732
5,2,2,
949617,949617,949617,

Day 2733
2,5,2,
949617,949617,949617,

Day 2734
2,5,2,
949617,949617,949617,

Day 2735
5,2,2,
949617,949617,949617,

Day 2736
2,2,5,
949617,949617,949617,

Day 2737
5,2,2,
949617,949617,949617,

Day 2738
5,2,2,
949617,949617,949617,

Day 2739
5,2,2,
949617,949617,949617,

Day 2740
2,5,2,
949617,949617,949617,

Day 2741
2,5,2,
949617,949617,949617,

Day 2742
2,5,2,
949617,949617,949617,

Day 2743
5,2,2,
949617,949617,949617,

Day 2744
2,2,5,
949617,949617,949617,

Day 2745
5,2,2,
949617,949617,949617,

Day 2746
5,2,2,
949617,949617,949617,

Day 2747
2,5,2,
949617,949617,949617,

Day 2748
2,2,5,
949617,949617,949617,

Day 2749
5,2,2,
949617,949617,949617,

Day 2750
5,2,2,
949617,949617,949617,

Day 2751
2,2,5,
949617,949617,949617,

Day 2752
2,2,5,
949617,949617,949617,

Day 2753
5,2,2,
949617,949617,949617,

Day 2754
2,5,2,
949617,949617,949617,

Day 2755
2,2,5,
949617,949617,949617,

Day 2756
2,2,5,
949617,949617,949617,

Day 2757
2,2,5,
949617,949617,949617,

Day 2758
2,5,2,
949617,949617,949617,

Day 2759
5,2,2,
949617,949617,949617,

Day 2760
2,2,5,
949617,949617,949617,

Day 2761
2,2,5,
949617,949617,949617,

Day 2762
5,2,2,
949617,949617,949617,

Day 2763
2,5,2,
949617,949617,949617,

Day 2764
2,5,2,
949617,949617,949617,

Day 2765
2,2,5,
949617,949617,949617,

Day 2766
2,5,2,
949617,949617,949617,

Day 2767
2,5,2,
949617,949617,949617,

Day 2768
2,2,5,
949617,949617,949617,

Day 2769
2,2,5,
949617,949617,949617,

Day 2770
2,2,5,
949617,949617,949617,

Day 2771
5,2,2,
949617,949617,949617,

Day 2772
2,2,5,
949617,949617,949617,

Day 2773
2,2,5,
949617,949617,949617,

Day 2774
2,2,5,
949617,949617,949617,

Day 2775
2,2,5,
949617,949617,949617,

Day 2776
2,2,5,
949617,949617,949617,

Day 2777
2,2,5,
949617,949617,949617,

Day 2778
2,5,2,
949617,949617,949617,

Day 2779
2,2,5,
949617,949617,949617,

Day 2780
5,2,2,
949617,949617,949617,

Day 2781
2,2,5,
949617,949617,949617,

Day 2782
5,2,2,
949617,949617,949617,

Day 2783
2,2,5,
949617,949617,949617,

Day 2784
2,2,5,
949617,949617,949617,

Day 2785
5,2,2,
949617,949617,949617,

Day 2786
5,2,2,
949617,949617,949617,

Day 2787
5,2,2,
949617,949617,949617,

Day 2788
2,2,5,
949617,949617,949617,

Day 2789
2,5,2,
949617,949617,949617,

Day 2790
5,2,2,
949617,949617,949617,

Day 2791
5,2,2,
949617,949617,949617,

Day 2792
2,2,5,
949617,949617,949617,

Day 2793
2,2,5,
949617,949617,949617,

Day 2794
2,5,2,
949617,949617,949617,

Day 2795
5,2,2,
949617,949617,949617,

Day 2796
2,5,2,
949617,949617,949617,

Day 2797
2,2,5,
949617,949617,949617,

Day 2798
2,2,5,
949617,949617,949617,

Day 2799
5,2,2,
949617,949617,949617,

Day 2800
2,6,2,
949617,949617,949617,

Day 2801
2,3,6,
949617,949617,949617,

Day 2802
6,3,3,
949617,949617,949617,

Day 2803
3,6,3,
949617,949617,949617,

Day 2804
6,3,3,
949617,949617,949617,

Day 2805
6,3,3,
949617,949617,949617,

Day 2806
3,3,6,
949617,949617,949617,

Day 2807
3,6,3,
949617,949617,949617,

Day 2808
6,3,3,
949617,949617,949617,

Day 2809
3,6,3,
949617,949617,949617,

Day 2810
3,6,3,
949617,949617,949617,

Day 2811
3,6,3,
949617,949617,949617,

Day 2812
3,3,6,
949617,949617,949617,

Day 2813
6,3,3,
949617,949617,949617,

Day 2814
6,3,3,
949617,949617,949617,

Day 2815
3,6,3,
949617,949617,949617,

Day 2816
3,6,3,
949617,949617,949617,

Day 2817
6,3,3,
949617,949617,949617,

Day 2818
6,3,3,
949617,949617,949617,

Day 2819
6,3,3,
949617,949617,949617,

Day 2820
3,3,6,
949617,949617,949617,

Day 2821
3,3,6,
949617,949617,949617,

Day 2822
6,3,3,
949617,949617,949617,

Day 2823
3,6,3,
949617,949617,949617,

Day 2824
3,6,3,
949617,949617,949617,

Day 2825
6,3,3,
949617,949617,949617,

Day 2826
3,3,6,
949617,949617,949617,

Day 2827
3,3,6,
949617,949617,949617,

Day 2828
6,3,3,
949617,949617,949617,

Day 2829
3,3,6,
949617,949617,949617,

Day 2830
6,3,3,
949617,949617,949617,

Day 2831
3,3,6,
949617,949617,949617,

Day 2832
6,3,3,
949617,949617,949617,

Day 2833
3,3,6,
949617,949617,949617,

Day 2834
3,3,6,
949617,949617,949617,

Day 2835
3,6,3,
949617,949617,949617,

Day 2836
3,6,3,
949617,949617,949617,

Day 2837
3,3,6,
949617,949617,949617,

Day 2838
3,3,6,
949617,949617,949617,

Day 2839
3,3,6,
949617,949617,949617,

Day 2840
3,6,3,
949617,949617,949617,

Day 2841
3,3,6,
949617,949617,949617,

Day 2842
6,3,3,
949617,949617,949617,

Day 2843
3,3,6,
949617,949617,949617,

Day 2844
3,6,3,
949617,949617,949617,

Day 2845
3,6,3,
949617,949617,949617,

Day 2846
3,6,3,
949617,949617,949617,

Day 2847
3,6,3,
949617,949617,949617,

Day 2848
3,3,6,
949617,949617,949617,

Day 2849
3,3,6,
949617,949617,949617,

Day 2850
6,3,3,
949617,949617,949617,

Day 2851
6,3,3,
949617,949617,949617,

Day 2852
6,3,3,
949617,949617,949617,

Day 2853
3,6,3,
949617,949617,949617,

Day 2854
6,3,3,
949617,949617,949617,

Day 2855
6,3,3,
949617,949617,949617,

Day 2856
3,6,3,
949617,949617,949617,

Day 2857
3,6,3,
949617,949617,949617,

Day 2858
3,6,3,
949617,949617,949617,

Day 2859
6,3,3,
949617,949617,949617,

Day 2860
3,6,3,
949617,949617,949617,

Day 2861
3,3,6,
949617,949617,949617,

Day 2862
3,6,3,
949617,949617,949617,

Day 2863
3,6,3,
949617,949617,949617,

Day 2864
3,3,6,
949617,949617,949617,

Day 2865
6,3,3,
949617,949617,949617,

Day 2866
3,3,6,
949617,949617,949617,

Day 2867
6,3,3,
949617,949617,949617,

Day 2868
6,3,3,
949617,949617,949617,

Day 2869
6,3,3,
949617,949617,949617,

Day 2870
6,3,3,
949617,949617,949617,

Day 2871
3,3,6,
949617,949617,949617,

Day 2872
3,6,3,
949617,949617,949617,

Day 2873
3,3,6,
949617,949617,949617,

Day 2874
6,3,3,
949617,949617,949617,

Day 2875
3,6,3,
949617,949617,949617,

Day 2876
3,6,3,
949617,949617,949617,

Day 2877
3,6,3,
949617,949617,949617,

Day 2878
3,6,3,
949617,949617,949617,

Day 2879
3,6,3,
949617,949617,949617,

Day 2880
3,6,3,
949617,949617,949617,

Day 2881
6,3,3,
949617,949617,949617,

Day 2882
6,3,3,
949617,949617,949617,

Day 2883
6,3,3,
949617,949617,949617,

Day 2884
6,3,3,
949617,949617,949617,

Day 2885
3,3,6,
949617,949617,949617,

Day 2886
3,6,3,
949617,949617,949617,

Day 2887
3,6,3,
949617,949617,949617,

Day 2888
3,6,3,
949617,949617,949617,

Day 2889
3,3,6,
949617,949617,949617,

Day 2890
3,6,3,
949617,949617,949617,

Day 2891
3,3,6,
949617,949617,949617,

Day 2892
3,3,6,
949617,949617,949617,

Day 2893
3,3,6,
949617,949617,949617,

Day 2894
3,3,6,
949617,949617,949617,

Day 2895
3,3,6,
949617,949617,949617,

Day 2896
3,3,6,
949617,949617,949617,

Day 2897
6,3,3,
949617,949617,949617,

Day 2898
3,6,3,
949617,949617,949617,

Day 2899
3,6,3,
949617,949617,949617,

Day 2900
3,3,6,
949617,949617,949617,

Day 2901
3,3,6,
949617,949617,949617,

Day 2902
6,3,3,
949617,949617,949617,

Day 2903
6,3,3,
949617,949617,949617,

Day 2904
3,6,3,
949617,949617,949617,

Day 2905
6,3,3,
949617,949617,949617,

Day 2906
3,3,6,
949617,949617,949617,

Day 2907
3,6,3,
949617,949617,949617,

Day 2908
3,6,3,
949617,949617,949617,

Day 2909
3,6,3,
949617,949617,949617,

Day 2910
3,6,3,
949617,949617,949617,

Day 2911
6,3,3,
949617,949617,949617,

Day 2912
3,3,6,
949617,949617,949617,

Day 2913
3,3,6,
949617,949617,949617,

Day 2914
3,6,3,
949617,949617,949617,

Day 2915
6,3,3,
949617,949617,949617,

Day 2916
3,6,3,
949617,949617,949617,

Day 2917
3,6,3,
949617,949617,949617,

Day 2918
3,3,6,
949617,949617,949617,

Day 2919
6,3,3,
949617,949617,949617,

Day 2920
3,3,7,
949617,949617,949617,

Day 2921
8,3,3,
949617,949617,949617,

Day 2922
9,3,3,
949617,949617,949617,

Day 2923
3,9,3,
949617,949617,949617,

Day 2924
3,3,9,
949617,949617,949617,

Day 2925
3,3,9,
949617,949617,949617,

Day 2926
3,3,9,
949617,949617,949617,

Day 2927
9,3,3,
949617,949617,949617,

Day 2928
9,3,3,
949617,949617,949617,

Day 2929
3,9,3,
949617,949617,949617,

Day 2930
9,3,3,
949617,949617,949617,

Day 2931
3,9,3,
949617,949617,949617,

Day 2932
9,3,3,
949617,949617,949617,

Day 2933
3,9,3,
949617,949617,949617,

Day 2934
9,3,3,
949617,949617,949617,

Day 2935
3,3,9,
949617,949617,949617,

Day 2936
3,3,9,
949617,949617,949617,

Day 2937
3,3,9,
949617,949617,949617,

Day 2938
3,9,3,
949617,949617,949617,

Day 2939
3,3,9,
949617,949617,949617,

Day 2940
3,9,3,
949617,949617,949617,

Day 2941
9,3,3,
949617,949617,949617,

Day 2942
3,9,3,
949617,949617,949617,

Day 2943
3,3,9,
949617,949617,949617,

Day 2944
9,3,3,
949617,949617,949617,

Day 2945
3,9,3,
949617,949617,949617,

Day 2946
3,9,3,
949617,949617,949617,

Day 2947
3,3,9,
949617,949617,949617,

Day 2948
3,9,3,
949617,949617,949617,

Day 2949
9,3,3,
949617,949617,949617,

Day 2950
9,3,3,
949617,949617,949617,

Day 2951
9,3,3,
949617,949617,949617,

Day 2952
3,9,3,
949617,949617,949617,

Day 2953
3,9,3,
949617,949617,949617,

Day 2954
9,3,3,
949617,949617,949617,

Day 2955
9,3,3,
949617,949617,949617,

Day 2956
3,9,3,
949617,949617,949617,

Day 2957
3,3,9,
949617,949617,949617,

Day 2958
9,3,3,
949617,949617,949617,

Day 2959
3,3,9,
949617,949617,949617,

Day 2960
3,9,3,
949617,949617,949617,

Day 2961
9,3,3,
949617,949617,949617,

Day 2962
9,3,3,
949617,949617,949617,

Day 2963
3,9,3,
949617,949617,949617,

Day 2964
9,3,3,
949617,949617,949617,

Day 2965
3,9,3,
949617,949617,949617,

Day 2966
3,3,9,
949617,949617,949617,

Day 2967
9,3,3,
949617,949617,949617,

Day 2968
3,3,9,
949617,949617,949617,

Day 2969
9,3,3,
949617,949617,949617,

Day 2970
9,3,3,
949617,949617,949617,

Day 2971
3,9,3,
949617,949617,949617,

Day 2972
9,3,3,
949617,949617,949617,

Day 2973
3,9,3,
949617,949617,949617,

Day 2974
3,9,3,
949617,949617,949617,

Day 2975
9,3,3,
949617,949617,949617,

Day 2976
3,3,9,
949617,949617,949617,

Day 2977
3,3,9,
949617,949617,949617,

Day 2978
3,3,9,
949617,949617,949617,

Day 2979
3,3,9,
949617,949617,949617,

Day 2980
3,9,3,
949617,949617,949617,

Day 2981
3,9,3,
949617,949617,949617,

Day 2982
9,3,3,
949617,949617,949617,

Day 2983
9,3,3,
949617,949617,949617,

Day 2984
9,3,3,
949617,949617,949617,

Day 2985
3,9,3,
949617,949617,949617,

Day 2986
3,3,9,
949617,949617,949617,

Day 2987
3,9,3,
949617,949617,949617,

Day 2988
3,3,9,
949617,949617,949617,

Day 2989
3,9,3,
949617,949617,949617,

Day 2990
3,3,9,
949617,949617,949617,

Day 2991
3,9,3,
949617,949617,949617,

Day 2992
3,3,9,
949617,949617,949617,

Day 2993
3,9,3,
949617,949617,949617,

Day 2994
9,3,3,
949617,949617,949617,

Day 2995
9,3,3,
949617,949617,949617,

Day 2996
3,3,9,
949617,949617,949617,

Day 2997
3,3,9,
949617,949617,949617,

Day 2998
3,9,3,
949617,949617,949617,

Day 2999
3,3,9,
949617,949617,949617,

Day 3000
3,9,3,
949617,949617,949617,

Day 3001
3,3,9,
949617,949617,949617,

Day 3002
3,9,3,
949617,949617,949617,

Day 3003
9,3,3,
949617,949617,949617,

Day 3004
3,3,9,
949617,949617,949617,

Day 3005
3,9,3,
949617,949617,949617,

Day 3006
9,3,3,
949617,949617,949617,

Day 3007
3,9,3,
949617,949617,949617,

Day 3008
9,3,3,
949617,949617,949617,

Day 3009
3,9,3,
949617,949617,949617,

Day 3010
3,9,3,
949617,949617,949617,

Day 3011
3,9,3,
949617,949617,949617,

Day 3012
9,3,3,
949617,949617,949617,

Day 3013
9,3,3,
949617,949617,949617,

Day 3014
9,3,3,
949617,949617,949617,

Day 3015
9,3,3,
949617,949617,949617,

Day 3016
9,3,3,
949617,949617,949617,

Day 3017
3,9,3,
949617,949617,949617,

Day 3018
3,9,3,
949617,949617,949617,

Day 3019
9,3,3,
949617,949617,949617,

Day 3020
9,3,3,
949617,949617,949617,

Day 3021
9,3,3,
949617,949617,949617,

Day 3022
9,3,3,
949617,949617,949617,

Day 3023
3,9,3,
949617,949617,949617,

Day 3024
9,3,3,
949617,949617,949617,

Day 3025
9,3,3,
949617,949617,949617,

Day 3026
3,9,3,
949617,949617,949617,

Day 3027
3,9,3,
949617,949617,949617,

Day 3028
3,9,3,
949617,949617,949617,

Day 3029
9,3,3,
949617,949617,949617,

Day 3030
3,9,3,
949617,949617,949617,

Day 3031
3,9,3,
949617,949617,949617,

Day 3032
3,3,9,
949617,949617,949617,

Day 3033
3,3,9,
949617,949617,949617,

Day 3034
9,3,3,
949617,949617,949617,

Day 3035
3,9,3,
949617,949617,949617,

Day 3036
9,3,3,
949617,949617,949617,

Day 3037
3,3,9,
949617,949617,949617,

Day 3038
3,3,9,
949617,949617,949617,

Day 3039
3,9,3,
949617,949617,949617,

Day 3040
3,3,9,
949617,949617,949617,

Day 3041
3,3,9,
949617,949617,949617,

Day 3042
3,3,9,
949617,949617,949617,

Day 3043
9,3,3,
949617,949617,949617,

Day 3044
10,3,3,
949617,949617,949617,

Day 3045
10,4,3,
949617,949617,949617,

Day 3046
10,4,4,
949617,949617,949617,

Day 3047
4,10,4,
949617,949617,949617,

Day 3048
4,10,4,
949617,949617,949617,

Day 3049
4,4,10,
949617,949617,949617,

Day 3050
4,4,10,
949617,949617,949617,

Day 3051
4,10,4,
949617,949617,949617,

Day 3052
4,10,4,
949617,949617,949617,

Day 3053
4,4,10,
949617,949617,949617,

Day 3054
10,4,4,
949617,949617,949617,

Day 3055
4,4,10,
949617,949617,949617,

Day 3056
10,4,4,
949617,949617,949617,

Day 3057
4,10,4,
949617,949617,949617,

Day 3058
4,10,4,
949617,949617,949617,

Day 3059
10,4,4,
949617,949617,949617,

Day 3060
4,4,10,
949617,949617,949617,

Day 3061
4,4,10,
949617,949617,949617,

Day 3062
10,4,4,
949617,949617,949617,

Day 3063
10,4,4,
949617,949617,949617,

Day 3064
4,10,4,
949617,949617,949617,

Day 3065
4,10,4,
949617,949617,949617,

Day 3066
10,4,4,
949617,949617,949617,

Day 3067
10,4,4,
949617,949617,949617,

Day 3068
10,4,4,
949617,949617,949617,

Day 3069
4,4,10,
949617,949617,949617,

Day 3070
4,4,10,
949617,949617,949617,

Day 3071
4,4,10,
949617,949617,949617,

Day 3072
4,10,4,
949617,949617,949617,

Day 3073
4,4,10,
949617,949617,949617,

Day 3074
10,4,4,
949617,949617,949617,

Day 3075
4,10,4,
949617,949617,949617,

Day 3076
10,4,4,
949617,949617,949617,

Day 3077
4,4,10,
949617,949617,949617,

Day 3078
10,4,4,
949617,949617,949617,

Day 3079
10,4,4,
949617,949617,949617,

Day 3080
4,4,10,
949617,949617,949617,

Day 3081
4,4,10,
949617,949617,949617,

Day 3082
4,4,10,
949617,949617,949617,

Day 3083
4,10,4,
949617,949617,949617,

Day 3084
4,10,4,
949617,949617,949617,

Day 3085
4,10,4,
949617,949617,949617,

Day 3086
4,10,4,
949617,949617,949617,

Day 3087
4,4,10,
949617,949617,949617,

Day 3088
10,4,4,
949617,949617,949617,

Day 3089
4,4,10,
949617,949617,949617,

Day 3090
4,4,10,
949617,949617,949617,

Day 3091
4,4,10,
949617,949617,949617,

Day 3092
10,4,4,
949617,949617,949617,

Day 3093
4,4,10,
949617,949617,949617,

Day 3094
10,4,4,
949617,949617,949617,

Day 3095
4,4,10,
949617,949617,949617,

Day 3096
10,4,4,
949617,949617,949617,

Day 3097
4,10,4,
949617,949617,949617,

Day 3098
4,4,10,
949617,949617,949617,

Day 3099
10,4,4,
949617,949617,949617,

Day 3100
4,10,4,
949617,949617,949617,

Day 3101
4,4,10,
949617,949617,949617,

Day 3102
4,4,10,
949617,949617,949617,

Day 3103
4,10,4,
949617,949617,949617,

Day 3104
4,10,4,
949617,949617,949617,

Day 3105
10,4,4,
949617,949617,949617,

Day 3106
4,4,10,
949617,949617,949617,

Day 3107
4,10,4,
949617,949617,949617,

Day 3108
10,4,4,
949617,949617,949617,

Day 3109
4,10,4,
949617,949617,949617,

Day 3110
10,4,4,
949617,949617,949617,

Day 3111
10,4,4,
949617,949617,949617,

Day 3112
10,4,4,
949617,949617,949617,

Day 3113
10,4,4,
949617,949617,949617,

Day 3114
10,4,4,
949617,949617,949617,

Day 3115
10,4,4,
949617,949617,949617,

Day 3116
10,4,4,
949617,949617,949617,

Day 3117
4,10,4,
949617,949617,949617,

Day 3118
4,10,4,
949617,949617,949617,

Day 3119
4,10,4,
949617,949617,949617,

Day 3120
4,10,4,
949617,949617,949617,

Day 3121
10,4,4,
949617,949617,949617,

Day 3122
10,4,4,
949617,949617,949617,

Day 3123
4,10,4,
949617,949617,949617,

Day 3124
4,4,10,
949617,949617,949617,

Day 3125
4,4,10,
949617,949617,949617,

Day 3126
10,4,4,
949617,949617,949617,

Day 3127
4,4,10,
949617,949617,949617,

Day 3128
10,4,4,
949617,949617,949617,

Day 3129
4,10,4,
949617,949617,949617,

Day 3130
10,4,4,
949617,949617,949617,

Day 3131
4,10,4,
949617,949617,949617,

Day 3132
4,4,10,
949617,949617,949617,

Day 3133
4,4,10,
949617,949617,949617,

Day 3134
4,10,4,
949617,949617,949617,

Day 3135
10,4,4,
949617,949617,949617,

Day 3136
10,4,4,
949617,949617,949617,

Day 3137
4,10,4,
949617,949617,949617,

Day 3138
4,4,10,
949617,949617,949617,

Day 3139
4,10,4,
949617,949617,949617,

Day 3140
4,4,10,
949617,949617,949617,

Day 3141
4,10,4,
949617,949617,949617,

Day 3142
4,10,4,
949617,949617,949617,

Day 3143
10,4,4,
949617,949617,949617,

Day 3144
4,4,10,
949617,949617,949617,

Day 3145
4,10,4,
949617,949617,949617,

Day 3146
4,10,4,
949617,949617,949617,

Day 3147
4,4,10,
949617,949617,949617,

Day 3148
4,4,10,
949617,949617,949617,

Day 3149
4,10,4,
949617,949617,949617,

Day 3150
4,4,10,
949617,949617,949617,

Day 3151
10,4,4,
949617,949617,949617,

Day 3152
10,4,4,
949617,949617,949617,

Day 3153
4,4,10,
949617,949617,949617,

Day 3154
4,10,4,
949617,949617,949617,

Day 3155
4,4,10,
949617,949617,949617,

Day 3156
4,4,10,
949617,949617,949617,

Day 3157
4,10,4,
949617,949617,949617,

Day 3158
4,4,10,
949617,949617,949617,

Day 3159
4,4,10,
949617,949617,949617,

Day 3160
4,10,4,
949617,949617,949617,

Day 3161
4,10,4,
949617,949617,949617,

Day 3162
4,4,10,
949617,949617,949617,

Day 3163
4,4,10,
949617,949617,949617,

Day 3164
4,4,8,
949617,949617,949617,

Day 3165
1,1,4,9,5,2,
746657,746657,949617,949617,949617,746656,

Day 3166
5,1,2,2,9,5,
949617,949617,949617,949617,949617,949617,

Day 3167
5,2,1,5,9,2,
949617,949617,949617,949617,949617,949617,

Day 3168
5,5,9,2,1,2,
949617,949617,949617,949617,949617,949617,

Day 3169
9,5,5,1,2,2,
949617,949617,949617,949617,949617,949617,

Day 3170
2,5,1,9,5,2,
949617,949617,949617,949617,949617,949617,

Day 3171
2,1,5,9,5,2,
949617,949617,949617,949617,949617,949617,

Day 3172
2,9,2,1,5,5,
949617,949617,949617,949617,949617,949617,

Day 3173
5,2,5,9,2,1,
949617,949617,949617,949617,949617,949617,

Day 3174
9,1,2,5,5,2,
949617,949617,949617,949617,949617,949617,

Day 3175
9,2,2,5,5,1,
949617,949617,949617,949617,949617,949617,

Day 3176
9,1,5,2,2,5,
949617,949617,949617,949617,949617,949617,

Day 3177
2,9,1,5,2,5,
949617,949617,949617,949617,949617,949617,

Day 3178
2,9,5,1,5,2,
949617,949617,949617,949617,949617,949617,

Day 3179
2,5,2,1,5,9,
949617,949617,949617,949617,949617,949617,

Day 3180
2,2,5,9,1,5,
949617,949617,949617,949617,949617,949617,

Day 3181
2,5,2,5,9,1,
949617,949617,949617,949617,949617,949617,

Day 3182
9,1,5,2,5,2,
949617,949617,949617,949617,949617,949617,

Day 3183
5,5,9,1,2,2,
949617,949617,949617,949617,949617,949617,

Day 3184
9,2,2,5,5,1,
949617,949617,949617,949617,949617,949617,

Day 3185
2,2,5,5,1,9,
949617,949617,949617,949617,949617,949617,

Day 3186
5,2,9,1,2,5,
949617,949617,949617,949617,949617,949617,

Day 3187
5,9,5,2,1,2,
949617,949617,949617,949617,949617,949617,

Day 3188
5,2,2,5,9,1,
949617,949617,949617,949617,949617,949617,

Day 3189
9,2,5,2,1,5,
949617,949617,949617,949617,949617,949617,

Day 3190
2,2,9,1,5,5,
949617,949617,949617,949617,949617,949617,

Day 3191
5,5,2,9,2,1,
949617,949617,949617,949617,949617,949617,

Day 3192
5,5,2,2,1,9,
949617,949617,949617,949617,949617,949617,

Day 3193
5,9,2,2,1,5,
949617,949617,949617,949617,949617,949617,

Day 3194
2,9,2,5,5,1,
949617,949617,949617,949617,949617,949617,

Day 3195
5,9,1,2,2,5,
949617,949617,949617,949617,949617,949617,

Day 3196
2,5,9,2,5,1,
949617,949617,949617,949617,949617,949617,

Day 3197
2,5,2,9,5,1,
949617,949617,949617,949617,949617,949617,

Day 3198
2,2,9,5,5,1,
949617,949617,949617,949617,949617,949617,

Day 3199
2,2,9,5,5,1,
949617,949617,949617,949617,949617,949617,

Day 3200
1,5,9,2,2,5,
949617,949617,949617,949617,949617,949617,

Day 3201
5,1,2,5,9,2,
949617,949617,949617,949617,949617,949617,

Day 3202
5,1,2,5,9,2,
949617,949617,949617,949617,949617,949617,

Day 3203
5,2,2,1,5,9,
949617,949617,949617,949617,949617,949617,

Day 3204
2,9,5,5,1,2,
949617,949617,949617,949617,949617,949617,

Day 3205
9,5,1,5,2,2,
949617,949617,949617,949617,949617,949617,

Day 3206
5,2,2,5,9,1,
949617,949617,949617,949617,949617,949617,

Day 3207
5,2,9,1,5,2,
949617,949617,949617,949617,949617,949617,

Day 3208
2,5,9,1,5,2,
949617,949617,949617,949617,949617,949617,

Day 3209
1,2,9,5,5,2,
949617,949617,949617,949617,949617,949617,

Day 3210
1,2,5,2,9,5,
949617,949617,949617,949617,949617,949617,

Day 3211
9,1,5,2,2,5,
949617,949617,949617,949617,949617,949617,

Day 3212
9,5,2,2,1,5,
949617,949617,949617,949617,949617,949617,

Day 3213
2,9,1,5,2,5,
949617,949617,949617,949617,949617,949617,

Day 3214
5,2,5,2,9,1,
949617,949617,949617,949617,949617,949617,

Day 3215
2,5,2,9,1,5,
949617,949617,949617,949617,949617,949617,

Day 3216
5,9,2,1,5,2,
949617,949617,949617,949617,949617,949617,

Day 3217
2,2,5,1,5,9,
949617,949617,949617,949617,949617,949617,

Day 3218
2,5,5,9,1,2,
949617,949617,949617,949617,949617,949617,

Day 3219
5,9,2,1,2,5,
949617,949617,949617,949617,949617,949617,

Day 3220
2,9,2,5,5,1,
949617,949617,949617,949617,949617,949617,

Day 3221
5,5,1,2,2,9,
949617,949617,949617,949617,949617,949617,

Day 3222
1,2,2,5,5,9,
949617,949617,949617,949617,949617,949617,

Day 3223
1,2,5,9,5,2,
949617,949617,949617,949617,949617,949617,

Day 3224
9,1,5,2,5,2,
949617,949617,949617,949617,949617,949617,

Day 3225
5,1,5,2,9,2,
949617,949617,949617,949617,949617,949617,

Day 3226
9,5,2,1,2,5,
949617,949617,949617,949617,949617,949617,

Day 3227
2,10,1,2,6,6,
949617,949617,949617,949617,949617,949617,

Day 3228
2,1,2,6,10,6,
949617,949617,949617,949617,949617,949617,

Day 3229
1,10,6,2,2,6,
949617,949617,949617,949617,949617,949617,

Day 3230
10,6,2,6,2,1,
949617,949617,949617,949617,949617,949617,

Day 3231
6,2,1,6,10,2,
949617,949617,949617,949617,949617,949617,

Day 3232
2,1,6,6,10,2,
949617,949617,949617,949617,949617,949617,

Day 3233
2,10,1,6,6,2,
949617,949617,949617,949617,949617,949617,

Day 3234
10,6,6,2,1,2,
949617,949617,949617,949617,949617,949617,

Day 3235
6,2,10,6,1,2,
949617,949617,949617,949617,949617,949617,

Day 3236
6,1,2,6,10,2,
949617,949617,949617,949617,949617,949617,

Day 3237
6,6,10,2,1,2,
949617,949617,949617,949617,949617,949617,

Day 3238
2,1,2,6,10,6,
949617,949617,949617,949617,949617,949617,

Day 3239
6,1,10,6,2,2,
949617,949617,949617,949617,949617,949617,

Day 3240
6,2,2,10,6,1,
949617,949617,949617,949617,949617,949617,

Day 3241
1,6,2,10,6,2,
949617,949617,949617,949617,949617,949617,

Day 3242
2,6,2,1,10,6,
949617,949617,949617,949617,949617,949617,

Day 3243
2,6,6,1,2,10,
949617,949617,949617,949617,949617,949617,

Day 3244
2,1,6,2,6,10,
949617,949617,949617,949617,949617,949617,

Day 3245
2,6,1,2,10,6,
949617,949617,949617,949617,949617,949617,

Day 3246
1,2,10,2,6,6,
949617,949617,949617,949617,949617,949617,

Day 3247
6,10,1,2,2,6,
949617,949617,949617,949617,949617,949617,

Day 3248
2,10,1,6,6,2,
949617,949617,949617,949617,949617,949617,

Day 3249
6,1,2,10,2,6,
949617,949617,949617,949617,949617,949617,

Day 3250
6,1,2,10,2,6,
949617,949617,949617,949617,949617,949617,

Day 3251
2,6,2,1,6,10,
949617,949617,949617,949617,949617,949617,

Day 3252
1,6,10,2,6,2,
949617,949617,949617,949617,949617,949617,

Day 3253
10,2,6,6,1,2,
949617,949617,949617,949617,949617,949617,

Day 3254
2,1,6,2,6,10,
949617,949617,949617,949617,949617,949617,

Day 3255
2,6,6,10,2,1,
949617,949617,949617,949617,949617,949617,

Day 3256
2,10,6,2,1,6,
949617,949617,949617,949617,949617,949617,

Day 3257
2,2,10,1,6,6,
949617,949617,949617,949617,949617,949617,

Day 3258
6,2,6,2,10,1,
949617,949617,949617,949617,949617,949617,

Day 3259
2,2,6,1,6,10,
949617,949617,949617,949617,949617,949617,

Day 3260
2,2,1,6,10,6,
949617,949617,949617,949617,949617,949617,

Day 3261
1,10,2,6,6,2,
949617,949617,949617,949617,949617,949617,

Day 3262
1,2,6,6,2,10,
949617,949617,949617,949617,949617,949617,

Day 3263
2,6,2,10,6,1,
949617,949617,949617,949617,949617,949617,

Day 3264
6,6,10,2,2,1,
949617,949617,949617,949617,949617,949617,

Day 3265
2,6,1,10,6,2,
949617,949617,949617,949617,949617,949617,

Day 3266
6,2,6,1,10,2,
949617,949617,949617,949617,949617,949617,

Day 3267
1,6,6,2,10,2,
949617,949617,949617,949617,949617,949617,

Day 3268
6,6,1,2,10,2,
949617,949617,949617,949617,949617,949617,

Day 3269
6,10,2,2,6,1,
949617,949617,949617,949617,949617,949617,

Day 3270
1,10,2,6,2,6,
949617,949617,949617,949617,949617,949617,

Day 3271
6,10,6,2,1,2,
949617,949617,949617,949617,949617,949617,

Day 3272
10,2,6,6,1,2,
949617,949617,949617,949617,949617,949617,

Day 3273
6,2,2,10,6,1,
949617,949617,949617,949617,949617,949617,

Day 3274
2,6,1,6,2,10,
949617,949617,949617,949617,949617,949617,

Day 3275
10,2,6,6,1,2,
949617,949617,949617,949617,949617,949617,

Day 3276
1,6,2,10,6,2,
949617,949617,949617,949617,949617,949617,

Day 3277
6,1,6,2,2,10,
949617,949617,949617,949617,949617,949617,

Day 3278
2,10,2,6,6,1,
949617,949617,949617,949617,949617,949617,

Day 3279
2,6,2,10,1,6,
949617,949617,949617,949617,949617,949617,

Day 3280
6,1,2,6,10,2,
949617,949617,949617,949617,949617,949617,

Day 3281
1,6,10,2,2,6,
949617,949617,949617,949617,949617,949617,

Day 3282
6,6,10,2,1,2,
949617,949617,949617,949617,949617,949617,

Day 3283
6,1,6,2,10,2,
949617,949617,949617,949617,949617,949617,

Day 3284
6,2,1,2,6,10,
949617,949617,949617,949617,949617,949617,

Day 3285
6,2,1,2,10,6,
949617,949617,949617,949617,949617,949617,

Day 3286
6,6,2,1,2,10,
949617,949617,949617,949617,949617,949617,

Day 3287
2,5,2,2,2,10,6,
949617,949617,746663,949617,949617,949617,949617,

Day 3288
2,3,10,2,3,1,2,7,6,
949617,949617,949617,746663,949617,746664,949617,949617,949617,

Day 3289
3,7,2,2,2,6,3,10,1,
949617,949617,949617,949617,949617,949617,949617,949617,949617,

Day 3290
3,6,10,2,2,1,3,2,7,
949617,949617,949617,949617,949617,949617,949617,949617,949617,

Day 3291
7,1,10,2,6,2,3,2,3,
949617,949617,949617,949617,949617,949617,949617,949617,949617,

Day 3292
6,2,2,3,3,2,1,10,7,
949617,949617,949617,949617,949617,949617,949617,949617,949617,

Day 3293
1,10,2,3,2,7,3,6,2,
949617,949617,949617,949617,949617,949617,949617,949617,949617,

Day 3294
7,3,6,3,2,1,2,10,2,
949617,949617,949617,949617,949617,949617,949617,949617,949617,

Day 3295
2,1,10,3,7,3,2,6,2,
949617,949617,949617,949617,949617,949617,949617,949617,949617,

Day 3296
1,2,3,2,2,6,10,7,3,
949617,949617,949617,949617,949617,949617,949617,949617,949617,

Day 3297
2,2,3,1,10,7,2,6,3,
949617,949617,949617,949617,949617,949617,949617,949617,949617,

Day 3298
3,2,6,10,3,1,7,2,2,
949617,949617,949617,949617,949617,949617,949617,949617,949617,

Day 3299
6,10,3,1,3,2,2,7,2,
949617,949617,949617,949617,949617,949617,949617,949617,949617,

Day 3300
10,2,3,7,2,1,6,2,3,
949617,949617,949617,949617,949617,949617,949617,949617,949617,

Day 3301
2,3,10,2,2,3,6,1,7,
949617,949617,949617,949617,949617,949617,949617,949617,949617,

Day 3302
7,2,3,1,3,10,2,6,2,
949617,949617,949617,949617,949617,949617,949617,949617,949617,

Day 3303
2,7,2,6,2,3,10,1,3,
949617,949617,949617,949617,949617,949617,949617,949617,949617,

Day 3304
10,2,2,3,7,6,2,1,3,
949617,949617,949617,949617,949617,949617,949617,949617,949617,

Day 3305
10,2,6,1,2,3,7,3,2,
949617,949617,949617,949617,949617,949617,949617,949617,949617,

Day 3306
1,7,3,10,2,3,2,2,6,
949617,949617,949617,949617,949617,949617,949617,949617,949617,

Day 3307
7,1,2,2,3,10,3,2,6,
949617,949617,949617,949617,949617,949617,949617,949617,949617,

Day 3308
2,7,3,2,3,10,6,1,2,
949617,949617,949617,949617,949617,949617,949617,949617,949617,

Day 3309
3,7,2,2,3,2,10,6,1,
949617,949617,949617,949617,949617,949617,949617,949617,949617,

Day 3310
7,10,2,2,2,3,3,1,6,
949617,949617,949617,949617,949617,949617,949617,949617,949617,

Day 3311
7,2,10,3,2,3,6,2,1,
949617,949617,949617,949617,949617,949617,949617,949617,949617,

Day 3312
3,3,10,1,6,7,2,2,2,
949617,949617,949617,949617,949617,949617,949617,949617,949617,

Day 3313
3,2,2,6,2,1,7,10,3,
949617,949617,949617,949617,949617,949617,949617,949617,949617,

Day 3314
1,7,3,6,2,3,2,10,2,
949617,949617,949617,949617,949617,949617,949617,949617,949617,

Day 3315
1,10,3,6,2,7,2,2,3,
949617,949617,949617,949617,949617,949617,949617,949617,949617,

Day 3316
6,7,2,3,2,1,3,10,2,
949617,949617,949617,949617,949617,949617,949617,949617,949617,

Day 3317
3,10,7,3,6,2,2,2,1,
949617,949617,949617,949617,949617,949617,949617,949617,949617,

Day 3318
2,3,7,6,2,1,2,10,3,
949617,949617,949617,949617,949617,949617,949617,949617,949617,

Day 3319
2,3,2,3,7,10,6,1,2,
949617,949617,949617,949617,949617,949617,949617,949617,949617,

Day 3320
2,2,2,7,3,10,6,3,1,
949617,949617,949617,949617,949617,949617,949617,949617,949617,

Day 3321
10,6,2,1,3,2,2,7,3,
949617,949617,949617,949617,949617,949617,949617,949617,949617,

Day 3322
6,2,3,3,7,2,2,10,1,
949617,949617,949617,949617,949617,949617,949617,949617,949617,

Day 3323
1,3,2,2,10,3,7,6,2,
949617,949617,949617,949617,949617,949617,949617,949617,949617,

Day 3324
1,2,2,3,10,3,2,6,7,
949617,949617,949617,949617,949617,949617,949617,949617,949617,

Day 3325
2,2,7,6,10,1,2,3,3,
949617,949617,949617,949617,949617,949617,949617,949617,949617,

Day 3326
3,6,2,1,7,3,2,10,2,
949617,949617,949617,949617,949617,949617,949617,949617,949617,

Day 3327
2,3,2,7,11,3,6,1,2,
949617,949617,949617,949617,949617,949617,949617,949617,949617,

Day 3328
3,12,3,2,6,2,7,2,1,
949617,949617,949617,949617,949617,949617,949617,949617,949617,

Day 3329
2,7,1,3,2,8,3,13,2,
949617,949617,949617,949617,949617,949617,949617,949617,949617,

Day 3330
1,7,8,2,2,2,3,3,14,
949617,949617,949617,949617,949617,949617,949617,949617,949617,

Day 3331
2,2,7,2,3,8,14,3,1,
949617,949617,949617,949617,949617,949617,949617,949617,949617,

Day 3332
2,8,2,2,3,14,7,3,1,
949617,949617,949617,949617,949617,949617,949617,949617,949617,

Day 3333
3,3,2,8,14,7,2,1,2,
949617,949617,949617,949617,949617,949617,949617,949617,949617,

Day 3334
2,14,7,3,1,3,2,8,2,
949617,949617,949617,949617,949617,949617,949617,949617,949617,

Day 3335
8,1,2,7,3,3,2,2,14,
949617,949617,949617,949617,949617,949617,949617,949617,949617,

Day 3336
2,14,3,3,1,7,2,2,8,
949617,949617,949617,949617,949617,949617,949617,949617,949617,

Day 3337
3,14,1,7,2,3,2,2,8,
949617,949617,949617,949617,949617,949617,949617,949617,949617,

Day 3338
2,3,1,2,8,7,3,14,2,
949617,949617,949617,949617,949617,949617,949617,949617,949617,

Day 3339
3,14,7,3,1,8,2,2,2,
949617,949617,949617,949617,949617,949617,949617,949617,949617,

Day 3340
3,7,2,14,2,2,3,1,8,
949617,949617,949617,949617,949617,949617,949617,949617,949617,

Day 3341
3,1,7,14,2,3,2,2,8,
949617,949617,949617,949617,949617,949617,949617,949617,949617,

Day 3342
2,3,7,3,2,14,2,1,8,
949617,949617,949617,949617,949617,949617,949617,949617,949617,

Day 3343
1,2,2,14,3,8,3,2,7,
949617,949617,949617,949617,949617,949617,949617,949617,949617,

Day 3344
1,3,3,8,7,2,2,14,2,
949617,949617,949617,949617,949617,949617,949617,949617,949617,

Day 3345
3,2,14,7,3,1,8,2,2,
949617,949617,949617,949617,949617,949617,949617,949617,949617,

Day 3346
7,14,3,1,3,8,2,2,2,
949617,949617,949617,949617,949617,949617,949617,949617,949617,

Day 3347
14,3,2,2,7,1,8,3,2,
949617,949617,949617,949617,949617,949617,949617,949617,949617,

Day 3348
2,8,14,2,1,3,7,3,2,
949617,949617,949617,949617,949617,949617,949617,949617,949617,

Day 3349
2,14,1,3,7,2,3,8,2,
949617,949617,949617,949617,949617,949617,949617,949617,949617,

Day 3350
1,2,7,14,8,3,3,2,2,
949617,949617,949617,949617,949617,949617,949617,949617,949617,

Day 3351
14,7,8,1,2,3,3,2,2,
949617,949617,949617,949617,949617,949617,949617,949617,949617,

Day 3352
8,3,2,14,3,7,1,2,2,
949617,949617,949617,949617,949617,949617,949617,949617,949617,

Day 3353
14,2,3,2,2,1,3,7,8,
949617,949617,949617,949617,949617,949617,949617,949617,949617,

Day 3354
1,3,3,14,8,7,2,2,2,
949617,949617,949617,949617,949617,949617,949617,949617,949617,

Day 3355
8,7,2,3,3,1,14,2,2,
949617,949617,949617,949617,949617,949617,949617,949617,949617,

Day 3356
2,8,3,2,2,3,7,1,14,
949617,949617,949617,949617,949617,949617,949617,949617,949617,

Day 3357
2,8,3,3,2,2,7,1,14,
949617,949617,949617,949617,949617,949617,949617,949617,949617,

Day 3358
8,1,2,3,7,2,2,14,3,
949617,949617,949617,949617,949617,949617,949617,949617,949617,

Day 3359
14,3,2,7,2,1,8,3,2,
949617,949617,949617,949617,949617,949617,949617,949617,949617,

Day 3360
2,2,14,1,2,3,8,7,3,
949617,949617,949617,949617,949617,949617,949617,949617,949617,

Day 3361
8,14,2,3,7,3,2,2,1,
949617,949617,949617,949617,949617,949617,949617,949617,949617,

Day 3362
14,3,2,1,8,2,3,2,7,
949617,949617,949617,949617,949617,949617,949617,949617,949617,

Day 3363
2,3,3,2,8,7,1,14,2,
949617,949617,949617,949617,949617,949617,949617,949617,949617,

Day 3364
3,2,3,7,2,2,14,8,1,
949617,949617,949617,949617,949617,949617,949617,949617,949617,

Day 3365
14,3,3,1,7,2,2,8,2,
949617,949617,949617,949617,949617,949617,949617,949617,949617,

Day 3366
2,1,2,8,3,7,2,14,3,
949617,949617,949617,949617,949617,949617,949617,949617,949617,

Day 3367
8,3,7,2,2,3,1,2,14,
949617,949617,949617,949617,949617,949617,949617,949617,949617,

Day 3368
2,1,8,7,3,3,2,2,14,
949617,949617,949617,949617,949617,949617,949617,949617,949617,

Day 3369
7,3,3,15,2,7,4,1,2,3,
949617,949617,949617,949617,949617,949617,949617,746664,949617,949617,

Day 3370
8,4,4,2,3,3,3,2,15,2,1,7,
949617,949617,949617,746663,949617,949617,949617,949617,949617,746663,949617,949617,

Day 3371
8,15,3,2,7,1,4,3,2,3,2,4,
949617,949617,949617,949617,949617,949617,949617,949617,949617,949617,949617,949617,

Day 3372
2,3,3,4,15,2,1,4,8,7,3,2,
949617,949617,949617,949617,949617,949617,949617,949617,949617,949617,949617,949617,

Day 3373
2,4,1,8,7,3,3,2,4,3,15,2,
949617,949617,949617,949617,949617,949617,949617,949617,949617,949617,949617,949617,

Day 3374
7,4,15,3,1,4,8,2,2,2,3,3,
949617,949617,949617,949617,949617,949617,949617,949617,949617,949617,949617,949617,

Day 3375
4,1,8,3,15,4,2,2,2,7,3,3,
949617,949617,949617,949617,949617,949617,949617,949617,949617,949617,949617,949617,

Day 3376
7,2,2,3,8,4,3,3,4,1,15,2,
949617,949617,949617,949617,949617,949617,949617,949617,949617,949617,949617,949617,

Day 3377
3,2,4,3,7,15,1,3,4,2,8,2,
949617,949617,949617,949617,949617,949617,949617,949617,949617,949617,949617,949617,

Day 3378
8,3,3,2,3,7,1,4,2,4,15,2,
949617,949617,949617,949617,949617,949617,949617,949617,949617,949617,949617,949617,

Day 3379
7,3,8,1,4,4,2,2,15,3,2,3,
949617,949617,949617,949617,949617,949617,949617,949617,949617,949617,949617,949617,

Day 3380
3,1,4,7,3,2,2,8,2,3,4,15,
949617,949617,949617,949617,949617,949617,949617,949617,949617,949617,949617,949617,

Day 3381
4,15,7,4,3,8,3,2,3,1,2,2,
949617,949617,949617,949617,949617,949617,949617,949617,949617,949617,949617,949617,

Day 3382
2,2,3,4,8,15,7,3,2,3,4,1,
949617,949617,949617,949617,949617,949617,949617,949617,949617,949617,949617,949617,

Day 3383
2,4,3,15,8,2,1,3,2,4,7,3,
949617,949617,949617,949617,949617,949617,949617,949617,949617,949617,949617,949617,

Day 3384
2,2,4,15,3,8,2,7,1,3,3,4,
949617,949617,949617,949617,949617,949617,949617,949617,949617,949617,949617,949617,

Day 3385
2,2,3,15,3,3,8,2,7,1,4,4,
949617,949617,949617,949617,949617,949617,949617,949617,949617,949617,949617,949617,

Day 3386
1,4,8,3,2,15,7,3,3,4,2,2,
949617,949617,949617,949617,949617,949617,949617,949617,949617,949617,949617,949617,

Day 3387
3,7,2,15,2,4,3,2,1,4,8,3,
949617,949617,949617,949617,949617,949617,949617,949617,949617,949617,949617,949617,

Day 3388
2,15,3,1,4,8,3,2,2,7,3,4,
949617,949617,949617,949617,949617,949617,949617,949617,949617,949617,949617,949617,

Day 3389
4,2,1,3,2,4,3,7,3,2,15,8,
949617,949617,949617,949617,949617,949617,949617,949617,949617,949617,949617,949617,

Day 3390
3,3,3,1,7,2,15,2,8,4,2,4,
949617,949617,949617,949617,949617,949617,949617,949617,949617,949617,949617,949617,

Day 3391
2,8,2,4,7,2,3,1,3,4,3,15,
949617,949617,949617,949617,949617,949617,949617,949617,949617,949617,949617,949617,

Day 3392
3,8,3,15,2,2,7,4,4,2,3,1,
949617,949617,949617,949617,949617,949617,949617,949617,949617,949617,949617,949617,

Day 3393
2,4,4,2,3,3,8,3,1,15,2,7,
949617,949617,949617,949617,949617,949617,949617,949617,949617,949617,949617,949617,

Day 3394
15,3,4,4,7,2,3,2,1,2,8,3,
949617,949617,949617,949617,949617,949617,949617,949617,949617,949617,949617,949617,

Day 3395
2,2,3,1,8,3,7,3,4,15,4,2,
949617,949617,949617,949617,949617,949617,949617,949617,949617,949617,949617,949617,

Day 3396
3,4,4,2,3,2,7,15,2,8,3,1,
949617,949617,949617,949617,949617,949617,949617,949617,949617,949617,949617,949617,

Day 3397
7,4,4,2,3,1,3,2,3,15,2,8,
949617,949617,949617,949617,949617,949617,949617,949617,949617,949617,949617,949617,

Day 3398
8,2,3,3,3,2,2,4,1,13,4,7,
949617,949617,949617,949617,949617,949617,949617,949617,949617,949617,949617,949617,

Day 3399
2,3,2,1,3,8,4,9,3,2,1,2,13,5,
746664,949617,949617,746665,949617,949617,949617,949617,949617,949617,949617,949617,949617,949617,

Day 3400
2,2,5,1,2,2,1,5,2,9,10,3,3,3,14,
949617,949617,949617,949617,949617,949617,746665,949617,949617,949617,949617,949617,949617,949617,949617,

Day 3401
2,2,3,1,3,15,10,2,5,5,3,9,2,2,2,
949617,949617,949617,949617,949617,949617,949617,949617,949617,949617,949617,949617,949617,949617,949617,

Day 3402
15,5,2,2,2,3,3,2,1,3,5,9,2,10,2,
949617,949617,949617,949617,949617,949617,949617,949617,949617,949617,949617,949617,949617,949617,949617,

Day 3403
2,5,3,3,9,15,2,2,2,2,3,1,2,5,10,
949617,949617,949617,949617,949617,949617,949617,949617,949617,949617,949617,949617,949617,949617,949617,

Day 3404
10,9,2,5,3,1,3,2,3,2,2,15,2,5,2,
949617,949617,949617,949617,949617,949617,949617,949617,949617,949617,949617,949617,949617,949617,949617,

Day 3405
3,15,2,5,10,9,1,3,2,5,2,2,2,2,3,
949617,949617,949617,949617,949617,949617,949617,949617,949617,949617,949617,949617,949617,949617,949617,

Day 3406
9,5,1,3,2,2,10,2,2,5,3,15,2,3,2,
949617,949617,949617,949617,949617,949617,949617,949617,949617,949617,949617,949617,949617,949617,949617,

Day 3407
3,10,5,2,2,2,3,1,2,15,2,3,9,2,5,
949617,949617,949617,949617,949617,949617,949617,949617,949617,949617,949617,949617,949617,949617,949617,

Day 3408
10,5,3,3,5,2,2,2,15,2,2,3,1,2,9,
949617,949617,949617,949617,949617,949617,949617,949617,949617,949617,949617,949617,949617,949617,949617,

Day 3409
2,2,5,2,15,9,1,5,3,3,10,2,3,2,2,
949617,949617,949617,949617,949617,949617,949617,949617,949617,949617,949617,949617,949617,949617,949617,

Day 3410
2,2,2,5,5,3,3,2,9,10,15,2,3,2,1,
949617,949617,949617,949617,949617,949617,949617,949617,949617,949617,949617,949617,949617,949617,949617,

Day 3411
2,2,9,3,1,2,3,5,2,5,2,2,15,3,10,
949617,949617,949617,949617,949617,949617,949617,949617,949617,949617,949617,949617,949617,949617,949617,

Day 3412
5,2,5,3,3,2,3,2,2,1,10,9,15,2,2,
949617,949617,949617,949617,949617,949617,949617,949617,949617,949617,949617,949617,949617,949617,949617,

Day 3413
10,1,15,9,2,2,3,5,2,5,2,3,2,2,3,
949617,949617,949617,949617,949617,949617,949617,949617,949617,949617,949617,949617,949617,949617,949617,

Day 3414
2,2,2,2,9,3,5,1,15,2,10,3,5,2,3,
949617,949617,949617,949617,949617,949617,949617,949617,949617,949617,949617,949617,949617,949617,949617,

Day 3415
2,2,9,3,15,2,3,5,10,1,5,2,3,2,2,
949617,949617,949617,949617,949617,949617,949617,949617,949617,949617,949617,949617,949617,949617,949617,

Day 3416
1,2,3,2,3,5,2,2,2,10,3,15,2,9,5,
949617,949617,949617,949617,949617,949617,949617,949617,949617,949617,949617,949617,949617,949617,949617,

Day 3417
3,2,9,2,3,10,5,2,2,2,3,5,2,15,1,
949617,949617,949617,949617,949617,949617,949617,949617,949617,949617,949617,949617,949617,949617,949617,

Day 3418
5,3,3,2,2,5,2,10,15,9,3,2,2,2,1,
949617,949617,949617,949617,949617,949617,949617,949617,949617,949617,949617,949617,949617,949617,949617,

Day 3419
5,2,2,2,1,2,2,5,3,10,3,15,3,9,2,
949617,949617,949617,949617,949617,949617,949617,949617,949617,949617,949617,949617,949617,949617,949617,

Day 3420
3,10,15,2,5,2,1,5,2,3,2,2,3,9,2,
949617,949617,949617,949617,949617,949617,949617,949617,949617,949617,949617,949617,949617,949617,949617,

Day 3421
3,5,5,2,2,10,2,15,2,1,3,2,2,9,3,
949617,949617,949617,949617,949617,949617,949617,949617,949617,949617,949617,949617,949617,949617,949617,

Day 3422
2,2,3,5,1,3,9,10,2,2,5,15,3,2,2,
949617,949617,949617,949617,949617,949617,949617,949617,949617,949617,949617,949617,949617,949617,949617,

Day 3423
2,2,2,5,10,2,1,3,3,9,3,2,5,15,2,
949617,949617,949617,949617,949617,949617,949617,949617,949617,949617,949617,949617,949617,949617,949617,

Day 3424
15,2,5,2,9,3,4,2,6,2,3,3,2,2,2,10,
949617,949617,949617,949617,949617,949617,949617,949617,949617,949617,949617,949617,949617,949617,746664,949617,

Day 3425
2,2,10,4,1,15,2,2,4,6,4,6,3,3,3,1,11,2,
949617,949617,949617,949617,746665,949617,949617,949617,949617,949617,949617,949617,949617,949617,949617,746665,949617,949617,

Day 3426
6,6,4,15,11,1,4,2,2,2,3,2,4,1,3,10,3,2,
949617,949617,949617,949617,949617,949617,949617,949617,949617,949617,949617,949617,949617,949617,949617,949617,949617,949617,

Day 3427
2,4,10,3,1,3,2,2,4,15,1,2,11,3,6,6,4,2,
949617,949617,949617,949617,949617,949617,949617,949617,949617,949617,949617,949617,949617,949617,949617,949617,949617,949617,

Day 3428
3,3,2,1,11,4,6,6,2,4,1,15,2,3,4,2,10,2,
949617,949617,949617,949617,949617,949617,949617,949617,949617,949617,949617,949617,949617,949617,949617,949617,949617,949617,

Day 3429
4,4,10,2,2,3,1,2,11,4,15,3,6,2,2,3,6,1,
949617,949617,949617,949617,949617,949617,949617,949617,949617,949617,949617,949617,949617,949617,949617,949617,949617,949617,

Day 3430
2,11,3,15,3,4,2,6,2,2,4,10,2,3,4,1,6,1,
949617,949617,949617,949617,949617,949617,949617,949617,949617,949617,949617,949617,949617,949617,949617,949617,949617,949617,

Day 3431
4,1,2,10,2,2,2,2,1,4,6,11,3,3,4,6,3,15,
949617,949617,949617,949617,949617,949617,949617,949617,949617,949617,949617,949617,949617,949617,949617,949617,949617,949617,

Day 3432
15,1,11,2,4,4,2,2,6,3,1,6,3,2,10,3,4,2,
949617,949617,949617,949617,949617,949617,949617,949617,949617,949617,949617,949617,949617,949617,949617,949617,949617,949617,

Day 3433
2,2,6,3,15,2,2,11,4,4,6,3,2,3,4,1,1,10,
949617,949617,949617,949617,949617,949617,949617,949617,949617,949617,949617,949617,949617,949617,949617,949617,949617,949617,

Day 3434
2,10,3,11,6,2,1,3,2,4,2,4,2,1,6,3,4,15,
949617,949617,949617,949617,949617,949617,949617,949617,949617,949617,949617,949617,949617,949617,949617,949617,949617,949617,

Day 3435
2,3,6,1,2,2,3,4,10,2,4,1,2,6,11,15,3,4,
949617,949617,949617,949617,949617,949617,949617,949617,949617,949617,949617,949617,949617,949617,949617,949617,949617,949617,

Day 3436
3,10,2,2,2,4,4,1,2,2,1,11,15,3,6,6,4,3,
949617,949617,949617,949617,949617,949617,949617,949617,949617,949617,949617,949617,949617,949617,949617,949617,949617,949617,

Day 3437
2,2,3,6,1,15,4,2,3,10,2,3,4,4,11,6,2,1,
949617,949617,949617,949617,949617,949617,949617,949617,949617,949617,949617,949617,949617,949617,949617,949617,949617,949617,

Day 3438
3,10,4,3,6,2,2,4,11,2,4,15,2,1,3,1,2,6,
949617,949617,949617,949617,949617,949617,949617,949617,949617,949617,949617,949617,949617,949617,949617,949617,949617,949617,

Day 3439
15,2,10,6,1,6,1,2,4,4,4,3,2,11,2,2,3,3,
949617,949617,949617,949617,949617,949617,949617,949617,949617,949617,949617,949617,949617,949617,949617,949617,949617,949617,

Day 3440
3,11,1,2,4,2,15,3,10,2,6,4,2,6,2,1,4,3,
949617,949617,949617,949617,949617,949617,949617,949617,949617,949617,949617,949617,949617,949617,949617,949617,949617,949617,

Day 3441
4,4,3,2,4,1,2,11,3,2,2,15,3,6,10,6,1,2,
949617,949617,949617,949617,949617,949617,949617,949617,949617,949617,949617,949617,949617,949617,949617,949617,949617,949617,

Day 3442
6,3,3,4,2,2,2,6,3,1,2,2,10,1,4,11,4,15,
949617,949617,949617,949617,949617,949617,949617,949617,949617,949617,949617,949617,949617,949617,949617,949617,949617,949617,

Day 3443
2,4,15,4,1,6,10,11,1,4,2,3,3,3,2,2,2,6,
949617,949617,949617,949617,949617,949617,949617,949617,949617,949617,949617,949617,949617,949617,949617,949617,949617,949617,

Day 3444
10,14,1,2,5,4,1,5,11,3,6,6,2,3,2,3,3,2,
949617,949617,949617,949617,949617,949617,949617,949617,949617,949617,949617,949617,949617,949617,949617,949617,949617,949617,

Day 3445
3,3,2,2,14,3,12,5,2,1,2,6,5,10,2,3,2,6,5,3,2,1,1,
949617,949617,746664,746664,949617,949617,949617,949617,949617,949617,949617,949617,949617,949617,746664,949617,746664,949617,949617,949617,949617,949617,746665,

Day 3446
2,2,13,5,3,5,2,3,2,3,3,3,5,2,6,1,15,11,2,2,3,6,1,1,
746664,949617,949617,949617,949617,949617,949617,949617,949617,949617,949617,949617,949617,949617,949617,949617,949617,949617,949617,949617,949617,949617,949617,949617,

Day 3447
2,3,2,6,3,11,15,3,1,2,14,1,6,3,2,5,3,3,2,5,2,2,5,1,
949617,949617,949617,949617,949617,949617,949617,949617,949617,949617,949617,949617,949617,949617,949617,949617,949617,949617,949617,949617,949617,949617,949617,949617,

Day 3448
2,3,2,15,5,3,2,3,3,2,1,5,2,14,11,6,2,5,6,1,1,3,2,3,
949617,949617,949617,949617,949617,949617,949617,949617,949617,949617,949617,949617,949617,949617,949617,949617,949617,949617,949617,949617,949617,949617,949617,949617,

Day 3449
3,6,3,2,2,3,5,2,1,3,11,1,5,6,15,5,3,2,2,2,3,1,14,2,
949617,949617,949617,949617,949617,949617,949617,949617,949617,949617,949617,949617,949617,949617,949617,949617,949617,949617,949617,949617,949617,949617,949617,949617,

Day 3450
2,2,3,11,6,3,3,14,1,3,5,5,3,5,2,2,6,2,15,2,3,1,2,1,
949617,949617,949617,949617,949617,949617,949617,949617,949617,949617,949617,949617,949617,949617,949617,949617,949617,949617,949617,949617,949617,949617,949617,949617,

Day 3451
6,5,2,5,15,1,11,3,3,5,3,2,3,1,2,3,3,6,1,2,2,14,2,2,
949617,949617,949617,949617,949617,949617,949617,949617,949617,949617,949617,949617,949617,949617,949617,949617,949617,949617,949617,949617,949617,949617,949617,949617,

Day 3452
2,2,2,5,1,1,3,2,3,15,2,11,2,3,6,3,3,5,6,5,14,3,2,1,
949617,949617,949617,949617,949617,949617,949617,949617,949617,949617,949617,949617,949617,949617,949617,949617,949617,949617,949617,949617,949617,949617,949617,949617,

Day 3453
11,2,2,5,14,5,3,3,2,15,3,2,2,6,3,1,2,1,3,1,2,3,6,5,
949617,949617,949617,949617,949617,949617,949617,949617,949617,949617,949617,949617,949617,949617,949617,949617,949617,949617,949617,949617,949617,949617,949617,949617,

Day 3454
3,14,5,2,5,2,15,3,1,1,2,3,2,3,3,2,2,11,5,2,6,6,3,1,
949617,949617,949617,949617,949617,949617,949617,949617,949617,949617,949617,949617,949617,949617,949617,949617,949617,949617,949617,949617,949617,949617,949617,949617,

Day 3455
1,5,14,2,3,2,3,15,3,3,3,2,2,11,2,5,6,3,1,5,1,6,2,2,
949617,949617,949617,949617,949617,949617,949617,949617,949617,949617,949617,949617,949617,949617,949617,949617,949617,949617,949617,949617,949617,949617,949617,949617,

Day 3456
5,2,3,5,3,1,2,5,2,3,3,2,2,6,3,2,1,2,11,14,3,1,15,6,
949617,949617,949617,949617,949617,949617,949617,949617,949617,949617,949617,949617,949617,949617,949617,949617,949617,949617,949617,949617,949617,949617,949617,949617,

Day 3457
3,2,5,1,3,6,1,2,3,1,2,5,11,2,3,3,2,3,2,2,5,14,15,6,
949617,949617,949617,949617,949617,949617,949617,949617,949617,949617,949617,949617,949617,949617,949617,949617,949617,949617,949617,949617,949617,949617,949617,949617,

Day 3458
6,3,1,14,11,2,3,1,3,2,3,1,2,2,3,15,5,3,2,5,5,2,2,6,
949617,949617,949617,949617,949617,949617,949617,949617,949617,949617,949617,949617,949617,949617,949617,949617,949617,949617,949617,949617,949617,949617,949617,949617,

Day 3459
3,2,3,2,2,15,2,2,3,1,3,3,5,5,6,11,1,1,6,2,13,5,2,3,
949617,949617,949617,949617,949617,949617,949617,949617,949617,949617,949617,949617,949617,949617,949617,949617,949617,949617,949617,949617,949617,949617,949617,949617,

Day 3460
2,1,3,6,2,2,5,6,3,3,3,4,14,15,2,11,2,3,1,3,6,2,2,2,7,
949617,949617,949617,949617,949617,949617,949617,949617,949617,949617,949617,949617,949617,949617,949617,949617,949617,949617,746665,949617,949617,949617,949617,949617,949617,

Day 3461
14,7,3,3,2,1,3,2,6,4,3,7,2,6,4,1,16,2,3,2,4,6,12,2,2,1,2,
949617,949617,949617,949617,949617,746665,949617,949617,949617,949617,949617,949617,949617,949617,949617,746665,949617,949617,949617,949617,949617,949617,949617,949617,949617,949617,949617,

Day 3462
3,4,3,14,4,4,2,2,3,6,7,3,2,3,7,17,2,1,2,6,1,2,6,1,2,12,2,
949617,949617,949617,949617,949617,949617,949617,949617,949617,949617,949617,949617,949617,949617,949617,949617,949617,949617,949617,949617,949617,949617,949617,949617,949617,949617,949617,

Day 3463
2,2,1,2,7,6,3,2,2,4,3,2,4,3,1,14,1,7,2,18,6,3,12,4,3,6,2,
949617,949617,949617,949617,949617,949617,949617,949617,949617,949617,949617,949617,949617,949617,949617,949617,949617,949617,949617,949617,949617,949617,949617,949617,949617,949617,949617,

Day 3464
4,6,2,2,14,1,7,6,19,1,2,3,2,3,4,6,2,2,7,3,4,3,3,1,2,2,12,
949617,949617,949617,949617,949617,949617,949617,949617,949617,949617,949617,949617,949617,949617,949617,949617,949617,949617,949617,949617,949617,949617,949617,949617,949617,949617,949617,

Day 3465
19,2,3,3,2,7,7,2,4,3,3,2,2,2,2,6,4,4,14,6,1,1,2,3,1,12,6,
949617,949617,949617,949617,949617,949617,949617,949617,949617,949617,949617,949617,949617,949617,949617,949617,949617,949617,949617,949617,949617,949617,949617,949617,949617,949617,949617,

Day 3466
3,2,14,4,1,19,7,4,2,6,4,2,2,3,3,2,3,3,6,1,12,7,6,2,2,2,1,
949617,949617,949617,949617,949617,949617,949617,949617,949617,949617,949617,949617,949617,949617,949617,949617,949617,949617,949617,949617,949617,949617,949617,949617,949617,949617,949617,

Day 3467
3,2,2,3,1,3,1,3,2,4,2,2,4,1,7,2,4,12,6,14,6,19,3,6,2,7,2,
949617,949617,949617,949617,949617,949617,949617,949617,949617,949617,949617,949617,949617,949617,949617,949617,949617,949617,949617,949617,949617,949617,949617,949617,949617,949617,949617,

Day 3468
7,2,3,2,1,6,2,1,14,6,2,3,3,19,7,2,4,1,3,2,6,4,2,2,12,4,3,
949617,949617,949617,949617,949617,949617,949617,949617,949617,949617,949617,949617,949617,949617,949617,949617,949617,949617,949617,949617,949617,949617,949617,949617,949617,949617,949617,

Day 3469
6,3,2,6,2,1,2,1,1,3,2,14,2,12,19,4,7,4,3,6,3,2,7,4,3,2,2,
949617,949617,949617,949617,949617,949617,949617,949617,949617,949617,949617,949617,949617,949617,949617,949617,949617,949617,949617,949617,949617,949617,949617,949617,949617,949617,949617,

Day 3470
4,3,2,19,14,6,2,2,7,1,4,6,3,1,2,4,2,2,1,3,2,3,12,2,6,7,3,
949617,949617,949617,949617,949617,949617,949617,949617,949617,949617,949617,949617,949617,949617,949617,949617,949617,949617,949617,949617,949617,949617,949617,949617,949617,949617,949617,

Day 3471
3,4,3,1,2,6,2,3,2,6,6,4,7,3,2,3,2,7,14,19,2,1,1,4,12,2,2,
949617,949617,949617,949617,949617,949617,949617,949617,949617,949617,949617,949617,949617,949617,949617,949617,949617,949617,949617,949617,949617,949617,949617,949617,949617,949617,949617,

Day 3472
3,2,4,1,2,3,12,14,4,6,3,2,19,2,2,7,3,3,4,2,7,6,2,6,2,1,1,
949617,949617,949617,949617,949617,949617,949617,949617,949617,949617,949617,949617,949617,949617,949617,949617,949617,949617,949617,949617,949617,949617,949617,949617,949617,949617,949617,

Day 3473
7,1,3,6,2,4,12,3,2,2,2,1,3,2,3,2,13,6,4,4,2,5,7,2,19,2,5,
949617,949617,949617,949617,949617,949617,949617,949617,949617,949617,949617,949617,949617,949617,949617,949617,949617,949617,949617,949617,949617,949617,949617,949617,949617,949617,949617,

Day 3474
2,5,4,3,7,1,6,2,7,1,3,13,3,3,3,2,12,2,1,1,6,20,2,3,5,4,3,8,2,5,1,1,
949617,949617,949617,949617,949617,746665,949617,949617,949617,746665,949617,949617,949617,949617,949617,949617,949617,746664,949617,746665,949617,949617,949617,949617,949617,949617,949617,949617,949617,949617,949617,746665,

Day 3475
1,1,2,3,5,1,1,4,21,7,4,6,2,4,2,3,3,2,3,3,2,13,8,1,1,3,5,14,1,3,8,2,1,7,5,2,
746665,949617,949617,949617,949617,949617,746665,949617,949617,949617,949617,949617,949617,949617,949617,949617,949617,949617,949617,949617,746664,949617,949617,949617,949617,949617,949617,949617,746665,949617,949617,949617,949617,949617,949617,949617,

Day 3476
6,2,13,1,3,3,3,8,4,2,5,7,1,2,7,3,2,2,2,1,22,4,2,3,4,14,1,3,5,1,5,2,1,3,8,1,
949617,949617,949617,949617,949617,949617,949617,949617,949617,949617,949617,949617,949617,949617,949617,949617,949617,949617,949617,949617,949617,949617,949617,949617,949617,949617,949617,949617,949617,949617,949617,949617,949617,949617,949617,949617,

Day 3477
2,3,1,1,13,3,4,1,3,5,7,4,1,3,5,2,2,5,1,2,8,3,2,14,22,1,1,8,2,4,3,2,3,7,2,6,
949617,949617,949617,949617,949617,949617,949617,949617,949617,949617,949617,949617,949617,949617,949617,949617,949617,949617,949617,949617,949617,949617,949617,949617,949617,949617,949617,949617,949617,949617,949617,949617,949617,949617,949617,949617,

Day 3478
2,5,2,3,4,6,3,3,1,1,1,2,3,5,1,4,7,7,8,2,2,2,2,13,3,1,8,1,4,3,1,3,2,14,5,22,
949617,949617,949617,949617,949617,949617,949617,949617,949617,949617,949617,949617,949617,949617,949617,949617,949617,949617,949617,949617,949617,949617,949617,949617,949617,949617,949617,949617,949617,949617,949617,949617,949617,949617,949617,949617,

Day 3479
3,5,1,5,2,2,1,3,6,7,7,4,2,3,4,3,1,5,4,2,13,22,2,14,1,8,3,3,3,1,8,2,2,1,2,1,
949617,949617,949617,949617,949617,949617,949617,949617,949617,949617,949617,949617,949617,949617,949617,949617,949617,949617,949617,949617,949617,949617,949617,949617,949617,949617,949617,949617,949617,949617,949617,949617,949617,949617,949617,949617,

Day 3480
2,2,2,1,1,5,3,3,3,4,4,1,3,1,8,6,2,5,2,5,3,22,3,8,1,2,2,4,13,7,14,1,2,7,1,3,
949617,949617,949617,949617,949617,949617,949617,949617,949617,949617,949617,949617,949617,949617,949617,949617,949617,949617,949617,949617,949617,949617,949617,949617,949617,949617,949617,949617,949617,949617,949617,949617,949617,949617,949617,949617,

Day 3481
7,1,5,4,8,4,7,1,5,3,13,2,4,2,3,3,1,2,2,2,2,8,2,22,1,3,5,1,1,1,3,3,2,3,6,14,
949617,949617,949617,949617,949617,949617,949617,949617,949617,949617,949617,949617,949617,949617,949617,949617,949617,949617,949617,949617,949617,949617,949617,949617,949617,949617,949617,949617,949617,949617,949617,949617,949617,949617,949617,949617,

Day 3482
2,1,2,1,3,8,1,2,7,3,4,5,4,5,7,3,22,2,14,3,8,1,1,1,6,3,3,2,2,1,5,2,3,13,2,4,
949617,949617,949617,949617,949617,949617,949617,949617,949617,949617,949617,949617,949617,949617,949617,949617,949617,949617,949617,949617,949617,949617,949617,949617,949617,949617,949617,949617,949617,949617,949617,949617,949617,949617,949617,949617,

Day 3483
5,1,8,2,4,7,1,1,22,3,2,2,2,2,4,1,3,13,3,6,3,2,3,5,2,1,4,2,3,1,5,3,15,7,9,1,
949617,949617,949617,949617,949617,949617,949617,949617,949617,949617,949617,949617,949617,949617,949617,949617,949617,949617,949617,949617,949617,949617,949617,949617,949617,949617,949617,949617,949617,949617,949617,949617,949617,949617,949617,949617,

Day 3484
5,4,5,2,9,3,2,3,13,3,5,2,2,2,3,2,1,6,2,8,5,4,9,1,5,1,3,2,19,2,1,3,8,1,3,15,
949617,949617,949617,949617,949617,949617,949617,949617,949617,949617,949617,949617,949617,949617,949617,949617,949617,949617,949617,949617,949617,949617,949617,949617,949617,949617,949617,949617,949617,949617,949617,949617,949617,949617,949617,949617,

Day 3485
1,1,3,6,3,3,16,2,5,1,10,3,2,1,1,5,6,4,2,1,2,2,7,2,20,6,1,1,4,3,2,2,5,14,2,1,10,3,8,2,3,8,
746665,746665,949617,949617,949617,949617,949617,949617,949617,949617,949617,949617,949617,949617,949617,949617,949617,949617,949617,746665,746664,949617,949617,949617,949617,949617,746665,949617,949617,949617,746664,949617,949617,949617,949617,949617,949617,949617,949617,949617,949617,949617,

Day 3486
3,6,3,5,10,3,2,1,7,1,1,4,1,1,21,2,3,2,1,1,14,6,5,1,8,2,8,3,5,2,3,16,10,2,3,2,2,2,3,6,4,2,
949617,949617,949617,949617,949617,949617,949617,949617,949617,949617,949617,949617,949617,949617,949617,949617,949617,949617,949617,949617,949617,949617,949617,949617,949617,949617,949617,949617,949617,949617,949617,949617,949617,949617,949617,949617,949617,949617,949617,949617,949617,949617,

Day 3487
2,6,1,2,2,2,5,5,3,3,2,1,2,3,10,3,3,2,2,3,8,10,8,7,1,5,1,2,3,2,6,21,3,16,1,1,4,2,6,2,4,14,
949617,949617,949617,949617,949617,949617,949617,949617,949617,949617,949617,949617,949617,949617,949617,949617,949617,949617,949617,949617,949617,949617,949617,949617,949617,949617,949617,949617,949617,949617,949617,949617,949617,949617,949617,949617,949617,949617,949617,949617,949617,949617,

Day 3488
3,3,2,3,2,4,2,4,2,6,5,6,10,21,2,2,7,14,2,6,1,3,3,5,1,2,5,2,2,2,1,10,8,3,3,3,1,8,1,1,16,2,
949617,949617,949617,949617,949617,949617,949617,949617,949617,949617,949617,949617,949617,949617,949617,949617,949617,949617,949617,949617,949617,949617,949617,949617,949617,949617,949617,949617,949617,949617,949617,949617,949617,949617,949617,949617,949617,949617,949617,949617,949617,949617,

Day 3489
6,7,1,6,21,3,1,3,2,4,8,2,2,3,3,1,4,1,3,2,2,3,1,16,5,10,5,8,2,2,3,2,6,10,3,2,2,14,1,2,5,2,
949617,949617,949617,949617,949617,949617,949617,949617,949617,949617,949617,949617,949617,949617,949617,949617,949617,949617,949617,949617,949617,949617,949617,949617,949617,949617,949617,949617,949617,949617,949617,949617,949617,949617,949617,949617,949617,949617,949617,949617,949617,949617,

Day 3490
3,6,16,8,2,4,1,1,3,2,2,3,6,3,2,3,1,10,1,2,5,8,10,4,2,2,3,1,1,2,5,21,2,5,3,2,14,7,2,3,6,2,
949617,949617,949617,949617,949617,949617,949617,949617,949617,949617,949617,949617,949617,949617,949617,949617,949617,949617,949617,949617,949617,949617,949617,949617,949617,949617,949617,949617,949617,949617,949617,949617,949617,949617,949617,949617,949617,949617,949617,949617,949617,949617,

Day 3491
2,3,2,3,4,1,3,2,2,1,3,2,8,5,2,2,8,2,1,3,3,1,6,3,1,5,2,6,16,5,21,2,1,7,6,10,2,2,14,3,4,10,
949617,949617,949617,949617,949617,949617,949617,949617,949617,949617,949617,949617,949617,949617,949617,949617,949617,949617,949617,949617,949617,949617,949617,949617,949617,949617,949617,949617,949617,949617,949617,949617,949617,949617,949617,949617,949617,949617,949617,949617,949617,949617,

Day 3492
2,1,8,6,2,2,2,10,14,2,2,2,3,1,1,3,16,1,2,4,1,5,3,7,10,3,2,1,6,2,3,2,4,20,3,2,5,5,8,3,3,5,
949617,949617,949617,949617,949617,949617,949617,949617,949617,949617,949617,949617,949617,949617,949617,949617,949617,949617,949617,949617,949617,949617,949617,949617,949617,949617,949617,949617,949617,949617,949617,949617,949617,949617,949617,949617,949617,949617,949617,949617,949617,949617,

Day 3493
2,10,6,1,2,2,8,14,2,1,2,3,3,5,3,3,4,5,4,20,1,3,6,16,3,4,2,5,1,7,2,2,2,5,6,1,2,3,8,2,2,2,6,2,10,2,
949617,949617,949617,949617,949617,949617,949617,949617,949617,746665,949617,949617,949617,949617,949617,949617,949617,949617,949617,949617,949617,949617,949617,949617,949617,949617,949617,949617,746665,949617,949617,949617,949617,949617,949617,746665,949617,949617,949617,949617,949617,949617,949617,949617,949617,746664,

Day 3494
3,2,4,6,4,2,2,2,3,1,2,11,2,8,17,4,5,3,4,10,2,8,2,6,6,3,2,6,21,2,2,8,2,3,2,1,7,1,3,2,6,2,1,15,2,3,2,1,2,3,5,2,2,
949617,949617,949617,949617,949617,949617,949617,949617,949617,746665,949617,949617,949617,949617,949617,949617,949617,949617,949617,949617,949617,949617,949617,949617,949617,949617,949617,949617,949617,949617,746664,949617,949617,949617,746664,949617,949617,746665,949617,949617,949617,746664,746665,949617,949617,949617,949617,949617,949617,949617,949617,746664,949617,

Day 3495
5,2,2,18,3,2,2,2,1,3,2,7,2,4,2,8,2,3,4,1,10,3,4,3,4,11,2,2,8,4,2,2,6,1,21,6,2,6,3,3,2,8,5,2,7,3,16,2,2,1,6,2,1,2,
949617,949617,949617,949617,949617,949617,949617,949617,746665,949617,949617,949617,949617,949617,949617,949617,949617,949617,949617,949617,949617,949617,949617,949617,949617,949617,949617,949617,949617,949617,949617,949617,949617,949617,949617,949617,949617,949617,949617,949617,949617,949617,949617,949617,949617,949617,949617,949617,949617,949617,949617,949617,949617,949617,

Day 3496
3,2,21,6,3,2,2,1,8,2,2,2,1,3,2,3,2,4,6,3,2,6,10,2,1,7,3,8,3,1,1,8,2,18,4,3,4,2,2,6,4,4,2,2,2,5,2,7,16,5,2,11,2,2,
949617,949617,949617,949617,949617,949617,949617,949617,949617,949617,949617,949617,949617,949617,949617,949617,949617,949617,949617,949617,949617,949617,949617,949617,949617,949617,949617,949617,949617,949617,949617,949617,949617,949617,949617,949617,949617,949617,949617,949617,949617,949617,949617,949617,949617,949617,949617,949617,949617,949617,949617,949617,949617,949617,

Day 3497
2,6,18,2,7,5,2,3,8,2,11,2,2,6,4,1,1,4,2,8,1,3,1,4,2,3,5,21,2,2,3,2,2,3,4,7,8,2,2,4,2,3,6,2,1,3,3,10,2,2,16,6,2,2,
949617,949617,949617,949617,949617,949617,949617,949617,949617,949617,949617,949617,949617,949617,949617,949617,949617,949617,949617,949617,949617,949617,949617,949617,949617,949617,949617,949617,949617,949617,949617,949617,949617,949617,949617,949617,949617,949617,949617,949617,949617,949617,949617,949617,949617,949617,949617,949617,949617,949617,949617,949617,949617,949617,

Day 3498
3,4,8,2,8,3,2,1,2,3,6,4,4,5,7,2,6,2,2,2,3,2,2,2,2,6,8,2,2,2,4,21,7,3,1,3,2,18,1,11,10,2,2,3,2,4,1,3,6,2,2,16,5,1,
949617,949617,949617,949617,949617,949617,949617,949617,949617,949617,949617,949617,949617,949617,949617,949617,949617,949617,949617,949617,949617,949617,949617,949617,949617,949617,949617,949617,949617,949617,949617,949617,949617,949617,949617,949617,949617,949617,949617,949617,949617,949617,949617,949617,949617,949617,949617,949617,949617,949617,949617,949617,949617,949617,

Day 3499
2,2,4,2,8,2,2,2,3,2,2,2,3,3,1,7,10,2,2,3,1,4,6,2,2,6,11,8,3,2,22,1,4,2,1,5,6,4,2,3,3,3,18,6,9,2,4,2,1,2,14,5,2,7,
949617,949617,949617,949617,949617,949617,949617,949617,949617,949617,949617,949617,949617,949617,949617,949617,949617,949617,949617,949617,949617,949617,949617,949617,949617,949617,949617,949617,949617,949617,949617,949617,949617,949617,949617,949617,949617,949617,949617,949617,949617,949617,949617,949617,949617,949617,949617,949617,949617,949617,949617,949617,949617,949617,

Day 3500
1,2,3,7,6,5,2,15,2,3,4,5,2,2,9,3,3,3,2,2,3,2,1,2,1,5,5,2,11,6,2,20,2,10,2,2,2,18,5,5,2,9,1,1,3,3,2,2,8,3,1,3,6,6,3,10,2,2,
746665,949617,949617,949617,949617,949617,949617,949617,949617,949617,949617,949617,949617,949617,949617,949617,949617,949617,949617,949617,949617,949617,949617,746664,746665,949617,949617,949617,949617,949617,949617,949617,949617,949617,949617,746664,949617,949617,949617,949617,949617,949617,949617,949617,949617,949617,949617,949617,949617,949617,949617,949617,949617,949617,949617,949617,949617,949617,

Day 3501
10,19,2,1,12,1,3,5,6,2,21,3,5,2,6,2,3,2,2,7,8,2,11,3,1,2,16,2,2,2,6,1,2,1,2,5,2,1,3,4,2,2,2,8,2,1,2,3,3,3,4,7,1,1,5,10,3,2,3,2,3,7,1,10,1,5,
949617,949617,949617,746665,949617,949617,949617,949617,949617,949617,949617,949617,949617,949617,949617,949617,949617,949617,949617,949617,949617,949617,949617,949617,746665,949617,949617,949617,746664,949617,949617,949617,949617,949617,949617,949617,949617,746665,949617,949617,746664,949617,949617,949617,949617,746665,949617,949617,949617,949617,949617,949617,746665,746665,949617,949617,949617,949617,949617,949617,949617,949617,949617,949617,949617,949617,

Day 3502
6,7,21,5,10,1,2,1,7,6,1,1,2,3,2,1,2,4,2,2,3,1,10,2,3,16,3,3,5,2,4,1,20,8,4,5,3,12,10,3,1,2,2,2,1,3,2,3,5,2,1,3,5,6,1,3,2,8,2,2,13,2,2,3,7,2,
949617,949617,949617,949617,949617,949617,949617,949617,949617,949617,949617,949617,949617,949617,949617,949617,949617,949617,949617,949617,949617,949617,949617,949617,949617,949617,949617,949617,949617,949617,949617,949617,949617,949617,949617,949617,949617,949617,949617,949617,949617,949617,949617,949617,949617,949617,949617,949617,949617,949617,949617,949617,949617,949617,949617,949617,949617,949617,949617,949617,949617,949617,949617,949617,949617,949617,

Day 3503
5,2,6,2,2,3,2,2,21,2,3,1,3,7,1,2,12,2,3,1,2,5,2,3,2,1,2,1,3,2,2,3,3,7,2,4,8,4,2,3,1,10,21,3,1,6,10,5,4,1,8,6,3,13,3,16,1,1,5,10,7,2,5,1,2,2,
949617,949617,949617,949617,949617,949617,949617,949617,949617,949617,949617,949617,949617,949617,949617,949617,949617,949617,949617,949617,949617,949617,949617,949617,949617,949617,949617,949617,949617,949617,949617,949617,949617,949617,949617,949617,949617,949617,949617,949617,949617,949617,949617,949617,949617,949617,949617,949617,949617,949617,949617,949617,949617,949617,949617,949617,949617,949617,949617,949617,949617,949617,949617,949617,949617,949617,

Day 3504
6,3,3,7,7,2,5,3,13,2,3,2,1,6,12,1,2,1,22,3,2,4,7,5,4,21,3,1,1,6,2,2,1,2,3,2,1,8,2,4,2,3,2,16,2,3,5,1,5,10,8,2,3,1,2,2,10,10,3,3,2,5,2,1,2,1,
949617,949617,949617,949617,949617,949617,949617,949617,949617,949617,949617,949617,949617,949617,949617,949617,949617,949617,949617,949617,949617,949617,949617,949617,949617,949617,949617,949617,949617,949617,949617,949617,949617,949617,949617,949617,949617,949617,949617,949617,949617,949617,949617,949617,949617,949617,949617,949617,949617,949617,949617,949617,949617,949617,949617,949617,949617,949617,949617,949617,949617,949617,949617,949617,949617,949617,

Day 3505
2,13,2,21,3,5,2,2,2,8,1,7,1,1,22,1,1,3,1,3,3,5,5,3,2,10,2,5,7,5,3,4,6,2,2,10,6,2,1,11,3,1,3,2,14,3,1,2,3,8,2,6,5,1,2,3,3,5,3,2,10,2,2,2,1,5,
949617,949617,949617,949617,949617,949617,949617,949617,949617,949617,949617,949617,949617,949617,949617,949617,949617,949617,949617,949617,949617,949617,949617,949617,949617,949617,949617,949617,949617,949617,949617,949617,949617,949617,949617,949617,949617,949617,949617,949617,949617,949617,949617,949617,949617,949617,949617,949617,949617,949617,949617,949617,949617,949617,949617,949617,949617,949617,949617,949617,949617,949617,949617,949617,949617,949617,

Day 3506
5,2,1,6,3,2,5,3,1,3,7,6,3,3,21,2,2,1,10,1,2,15,3,12,2,3,1,13,3,2,2,6,2,3,21,3,8,5,6,3,2,2,3,10,3,1,6,3,2,1,7,3,2,3,3,7,10,2,2,8,1,2,2,1,3,6,2,2,4,8,4,5,
949617,746664,949617,949617,949617,949617,949617,949617,949617,949617,949617,949617,949617,949617,949617,949617,746664,949617,949617,949617,949617,949617,949617,949617,949617,949617,949617,949617,949617,949617,949617,949617,949617,949617,949617,949617,949617,949617,949617,949617,949617,949617,949617,949617,949617,949617,949617,949617,949617,949617,949617,949617,949617,949617,949617,949617,949617,949617,949617,949617,746665,746664,949617,949617,949617,949617,746664,746664,949617,949617,949617,949617,

Day 3507
7,3,2,3,1,1,2,8,5,12,1,2,6,3,22,3,2,2,3,2,3,16,1,9,7,2,3,4,6,4,10,2,6,22,2,6,1,1,2,5,8,1,1,3,3,2,3,2,4,7,3,3,3,4,2,6,11,8,2,3,1,3,3,5,6,2,1,13,3,4,2,3,3,1,2,2,10,2,2,3,1,
949617,949617,746664,949617,949617,949617,949617,949617,949617,949617,746665,949617,949617,949617,949617,949617,746664,746664,949617,949617,949617,949617,949617,949617,949617,949617,949617,949617,949617,949617,949617,949617,949617,949617,949617,949617,746665,949617,949617,949617,949617,949617,949617,949617,949617,746664,949617,949617,949617,949617,949617,949617,949617,949617,949617,949617,949617,949617,949617,949617,746665,949617,949617,949617,949617,949617,746665,949617,949617,949617,949617,949617,949617,949617,949617,949617,949617,949617,949617,949617,746665,

Day 3508
17,3,3,4,2,7,2,4,3,4,3,9,2,1,2,2,6,3,5,1,6,3,3,2,3,3,1,3,2,2,13,2,2,2,4,5,2,2,2,6,1,3,3,7,3,1,11,1,6,10,1,4,1,8,8,2,2,1,3,2,10,5,3,6,3,3,3,3,1,2,23,1,2,8,7,2,3,22,12,2,6,
949617,949617,949617,949617,949617,949617,949617,949617,949617,949617,949617,949617,949617,949617,949617,949617,949617,949617,949617,949617,949617,949617,949617,949617,949617,949617,949617,949617,949617,949617,949617,949617,949617,949617,949617,949617,949617,949617,949617,949617,949617,949617,949617,949617,949617,949617,949617,949617,949617,949617,949617,949617,949617,949617,949617,949617,949617,949617,949617,949617,949617,949617,949617,949617,949617,949617,949617,949617,949617,949617,949617,949617,949617,949617,949617,949617,949617,949617,949617,949617,949617,

Day 3509
6,2,12,1,4,5,6,6,6,3,4,2,24,2,2,8,1,2,7,3,17,1,3,8,3,2,3,3,1,1,3,13,5,6,6,10,3,10,2,3,22,1,3,8,2,1,2,3,2,2,5,3,4,2,7,3,2,2,4,1,3,1,3,3,1,2,4,3,3,2,11,2,2,3,2,3,1,7,2,2,9,
949617,949617,949617,949617,949617,949617,949617,949617,949617,949617,949617,949617,949617,949617,949617,949617,949617,949617,949617,949617,949617,949617,949617,949617,949617,949617,949617,949617,949617,949617,949617,949617,949617,949617,949617,949617,949617,949617,949617,949617,949617,949617,949617,949617,949617,949617,949617,949617,949617,949617,949617,949617,949617,949617,949617,949617,949617,949617,949617,949617,949617,949617,949617,949617,949617,949617,949617,949617,949617,949617,949617,949617,949617,949617,949617,949617,949617,949617,949617,949617,949617,

Day 3510
2,3,1,3,5,22,1,3,4,3,3,7,3,2,2,3,1,1,4,3,3,3,2,1,6,3,4,3,8,2,2,2,4,5,2,3,3,13,17,3,1,7,3,2,6,6,2,11,3,24,6,1,5,2,2,6,10,2,2,3,2,2,3,12,3,7,6,2,2,2,2,9,2,5,1,2,2,10,10,2,8,
949617,949617,949617,949617,949617,949617,949617,949617,949617,949617,949617,949617,949617,949617,949617,949617,949617,949617,949617,949617,949617,949617,949617,949617,949617,949617,949617,949617,949617,949617,949617,949617,949617,949617,949617,949617,949617,949617,949617,949617,949617,949617,949617,949617,949617,949617,949617,949617,949617,949617,949617,949617,949617,949617,949617,949617,949617,949617,949617,949617,949617,949617,949617,949617,949617,949617,949617,949617,949617,949617,949617,949617,949617,949617,949617,949617,949617,949617,949617,949617,949617,

Day 3511
6,5,2,1,5,2,4,8,2,2,6,3,8,2,5,2,4,2,2,3,5,1,3,1,2,2,10,2,1,3,2,3,1,3,1,2,3,14,1,13,1,3,8,5,19,1,11,2,2,2,3,3,2,11,1,1,2,3,2,12,5,6,2,3,4,3,7,2,2,6,3,3,11,3,2,6,2,3,3,5,24,3,8,2,1,1,3,2,8,1,2,17,3,7,
949617,949617,746664,949617,949617,949617,949617,949617,949617,949617,949617,949617,949617,949617,949617,746664,949617,949617,949617,949617,949617,746665,949617,746665,949617,949617,949617,949617,746665,949617,949617,949617,746665,949617,746665,949617,949617,949617,949617,949617,746665,949617,949617,949617,949617,949617,949617,746664,949617,949617,949617,949617,949617,949617,746665,949617,949617,949617,949617,949617,949617,949617,949617,949617,949617,949617,949617,949617,949617,949617,949617,949617,949617,949617,949617,949617,949617,949617,949617,949617,949617,949617,949617,949617,746665,746665,949617,949617,949617,746665,949617,949617,949617,949617,

Day 3512
5,3,3,15,1,1,3,1,7,1,3,3,1,10,3,6,3,1,13,3,20,2,4,2,3,3,4,1,2,2,6,6,8,12,6,5,5,3,5,4,7,1,4,2,3,4,2,2,6,1,3,2,5,2,1,11,3,18,2,2,3,3,3,2,12,6,1,14,3,7,1,2,2,2,2,1,3,2,2,2,2,2,8,1,2,2,2,1,2,3,9,2,2,25,2,2,1,4,8,2,2,9,
949617,949617,949617,949617,746665,949617,949617,949617,949617,746665,949617,949617,949617,949617,949617,949617,949617,949617,949617,949617,949617,949617,949617,949617,949617,949617,949617,949617,949617,949617,949617,949617,949617,949617,949617,949617,949617,949617,949617,949617,949617,949617,949617,949617,949617,949617,949617,949617,949617,949617,949617,949617,949617,949617,949617,949617,949617,949617,746664,949617,949617,949617,949617,949617,949617,949617,949617,949617,949617,949617,746665,949617,949617,949617,949617,746665,949617,949617,949617,746664,949617,949617,949617,746665,949617,949617,949617,949617,949617,949617,949617,949617,949617,949617,746664,949617,949617,949617,949617,949617,949617,949617,

Day 3513
1,2,7,7,3,5,8,2,4,4,3,12,3,4,1,3,3,2,2,2,1,6,2,5,5,2,3,2,5,2,2,1,2,7,1,1,2,3,1,11,3,6,1,13,13,5,1,2,6,2,1,3,2,1,3,9,1,2,8,2,8,4,1,9,10,2,2,19,1,14,3,2,3,2,2,26,3,3,3,2,3,2,21,6,15,2,2,3,4,2,3,2,6,2,2,4,3,2,4,1,2,6,
949617,949617,949617,949617,949617,949617,949617,949617,949617,949617,949617,949617,949617,949617,949617,949617,949617,949617,949617,949617,949617,949617,949617,949617,949617,949617,949617,949617,949617,949617,949617,949617,949617,949617,949617,949617,949617,949617,949617,949617,949617,949617,949617,949617,949617,949617,949617,949617,949617,949617,949617,949617,949617,949617,949617,949617,949617,949617,949617,949617,949617,949617,949617,949617,949617,949617,949617,949617,949617,949617,949617,949617,949617,949617,949617,949617,949617,949617,949617,949617,949617,949617,949617,949617,949617,949617,949617,949617,949617,949617,949617,949617,949617,949617,949617,949617,949617,949617,949617,949617,949617,949617,

Day 3514
4,1,9,5,10,2,2,3,3,2,6,1,2,2,14,4,2,5,3,3,3,2,2,2,4,1,2,2,6,5,7,3,9,3,5,1,6,3,6,4,1,1,11,1,1,3,7,1,1,3,2,3,2,18,2,25,7,2,4,2,3,2,2,15,2,7,2,3,3,4,1,9,3,2,2,5,2,2,2,2,5,12,4,1,4,2,2,13,3,2,13,4,2,5,9,1,5,2,6,1,1,21,
949617,949617,949617,949617,949617,949617,949617,949617,949617,949617,949617,949617,949617,949617,949617,949617,949617,949617,949617,949617,949617,949617,949617,949617,949617,949617,949617,949617,949617,949617,949617,949617,949617,949617,949617,949617,949617,949617,949617,949617,949617,949617,949617,949617,949617,949617,949617,949617,949617,949617,949617,949617,949617,949617,949617,949617,949617,949617,949617,949617,949617,949617,949617,949617,949617,949617,949617,949617,949617,949617,949617,949617,949617,949617,949617,949617,949617,949617,949617,949617,949617,949617,949617,949617,949617,949617,949617,949617,949617,949617,949617,949617,949617,949617,949617,949617,949617,949617,949617,949617,949617,949617,

Day 3515
8,1,4,2,3,1,6,14,11,9,4,2,3,3,2,1,2,3,2,2,19,1,3,6,4,1,1,2,1,3,4,2,3,3,3,2,1,2,13,5,5,6,5,1,3,23,2,3,8,10,10,4,8,2,2,2,2,2,3,10,16,2,3,4,7,2,2,2,1,2,2,3,4,5,3,7,3,14,2,2,6,7,1,4,3,1,1,2,5,1,2,22,5,1,7,2,3,5,2,10,3,5,6,6,13,3,2,2,6,2,3,3,3,1,3,1,
949617,949617,949617,949617,949617,949617,949617,949617,949617,949617,949617,949617,949617,949617,949617,746665,746664,949617,949617,949617,949617,949617,949617,949617,949617,746665,949617,949617,949617,949617,949617,949617,949617,949617,949617,746664,746665,949617,949617,949617,949617,949617,949617,746665,949617,949617,746664,949617,949617,949617,949617,949617,949617,949617,949617,746664,949617,949617,949617,949617,949617,949617,949617,949617,949617,949617,746664,949617,949617,746664,949617,949617,949617,949617,949617,949617,949617,949617,746664,949617,949617,949617,949617,949617,949617,949617,746665,949617,949617,949617,949617,949617,949617,746665,949617,949617,949617,949617,949617,949617,949617,949617,949617,949617,949617,949617,746664,949617,949617,949617,949617,949617,949617,949617,949617,949617,

Day 3516
1,7,2,4,8,1,1,2,5,2,1,2,2,2,7,2,7,8,2,23,5,5,9,3,3,2,3,2,6,3,2,5,1,4,2,2,4,3,3,2,4,6,6,20,3,1,4,1,4,2,15,3,7,1,2,1,4,11,5,13,3,6,1,1,5,2,10,7,4,2,3,2,2,2,1,3,2,3,11,2,1,2,3,3,16,2,1,2,1,3,6,2,2,1,10,3,2,2,3,11,4,2,1,24,1,1,6,1,4,14,3,3,2,5,8,3,13,4,2,3,7,4,4,
949617,949617,949617,949617,949617,746665,746665,949617,949617,949617,949617,949617,949617,949617,949617,949617,949617,949617,949617,949617,949617,949617,949617,949617,949617,949617,949617,949617,949617,949617,949617,949617,949617,949617,949617,949617,949617,949617,949617,949617,949617,949617,949617,949617,949617,949617,949617,746665,949617,949617,949617,949617,949617,949617,949617,949617,949617,949617,949617,949617,949617,949617,949617,746665,949617,949617,949617,949617,949617,949617,949617,949617,949617,949617,949617,949617,949617,949617,949617,949617,949617,949617,949617,949617,949617,949617,746665,949617,949617,949617,949617,949617,949617,949617,949617,949617,949617,949617,949617,949617,949617,949617,949617,949617,746665,949617,949617,746665,949617,949617,949617,949617,949617,949617,949617,949617,949617,949617,949617,949617,949617,949617,949617,

Day 3517
13,2,1,1,1,2,6,3,3,1,2,1,5,2,5,3,5,2,4,2,3,3,1,1,10,2,3,1,3,3,24,2,8,2,3,10,3,24,13,7,4,3,7,2,21,3,2,3,2,6,2,4,15,1,2,7,2,2,11,1,1,2,7,3,2,5,2,4,1,3,4,11,3,2,2,1,3,4,4,3,4,4,2,7,2,5,1,2,8,3,6,5,2,3,13,5,3,1,6,7,4,3,15,5,3,9,4,9,1,2,3,5,1,3,2,3,11,2,2,6,2,5,2,
949617,949617,949617,949617,949617,949617,949617,949617,949617,949617,949617,949617,949617,949617,949617,949617,949617,949617,949617,949617,949617,949617,949617,949617,949617,949617,949617,949617,949617,949617,949617,949617,949617,949617,949617,949617,949617,949617,949617,949617,949617,949617,949617,949617,949617,949617,949617,949617,949617,949617,949617,949617,949617,949617,949617,949617,949617,949617,949617,949617,949617,949617,949617,949617,949617,949617,949617,949617,949617,949617,949617,949617,949617,949617,949617,949617,949617,949617,949617,949617,949617,949617,949617,949617,949617,949617,949617,949617,949617,949617,949617,949617,949617,949617,949617,949617,949617,949617,949617,949617,949617,949617,949617,949617,949617,949617,949617,949617,949617,949617,949617,949617,949617,949617,949617,949617,949617,949617,949617,949617,949617,949617,949617,

Day 3518
2,5,5,22,4,2,20,1,2,1,5,2,13,3,2,2,2,15,2,2,3,2,5,4,1,12,4,2,2,6,5,7,1,1,3,5,2,6,8,7,1,1,1,12,3,3,3,16,23,6,2,3,2,8,6,7,3,2,3,7,2,3,3,2,5,2,3,5,4,3,7,3,5,8,3,2,3,5,7,2,1,10,4,2,10,2,2,1,14,3,1,3,2,3,1,2,6,5,2,3,5,2,10,1,6,3,2,3,3,10,5,8,2,2,11,2,2,2,1,2,1,1,3,5,2,12,2,3,2,3,2,3,3,1,6,2,1,5,2,
949617,949617,949617,949617,949617,949617,949617,746665,949617,746665,949617,949617,949617,949617,949617,949617,949617,949617,949617,949617,949617,949617,949617,949617,949617,949617,949617,949617,949617,949617,949617,949617,949617,746665,949617,949617,949617,949617,949617,949617,949617,949617,949617,949617,949617,949617,949617,949617,949617,949617,949617,949617,949617,949617,949617,949617,949617,949617,949617,949617,949617,949617,949617,949617,949617,949617,949617,949617,949617,949617,949617,949617,949617,949617,949617,949617,949617,949617,949617,746664,746665,949617,949617,949617,949617,746664,746664,746665,949617,949617,949617,949617,949617,949617,949617,746664,949617,949617,949617,949617,949617,949617,949617,746665,949617,949617,949617,949617,949617,949617,949617,949617,949617,746664,949617,949617,949617,746664,949617,746664,746665,949617,949617,949617,949617,949617,949617,949617,949617,949617,746664,949617,949617,949617,949617,949617,746665,949617,949617,

Day 3519
2,3,5,2,3,2,7,2,2,5,1,2,6,8,8,2,2,2,2,2,1,9,1,3,3,2,2,2,3,2,1,3,11,1,24,3,3,2,1,3,3,3,1,1,1,5,14,5,4,3,1,2,3,1,11,10,3,3,21,10,1,2,2,2,3,3,3,3,2,5,2,2,3,2,5,1,2,2,2,2,7,2,2,8,2,23,4,6,2,3,1,2,13,3,6,14,2,11,5,6,1,2,3,1,4,3,2,2,1,3,2,13,2,1,5,2,5,8,6,2,2,6,9,13,3,5,8,6,1,2,2,7,3,2,6,16,2,2,2,5,1,1,3,4,3,6,4,3,5,7,3,5,16,6,1,2,
949617,949617,949617,746664,949617,949617,949617,949617,949617,949617,949617,949617,949617,949617,949617,949617,949617,949617,949617,949617,746665,949617,746665,949617,949617,746664,949617,949617,949617,949617,949617,949617,949617,949617,949617,949617,949617,949617,746665,949617,949617,949617,746665,949617,949617,949617,949617,949617,949617,949617,949617,949617,949617,949617,949617,949617,949617,949617,949617,949617,949617,949617,746664,949617,949617,949617,949617,949617,949617,949617,949617,949617,949617,746664,949617,746665,949617,949617,949617,949617,949617,746664,746664,949617,949617,949617,949617,949617,949617,949617,746665,949617,949617,949617,949617,949617,746664,949617,949617,949617,949617,949617,949617,746665,949617,949617,949617,949617,746665,949617,949617,949617,949617,949617,949617,949617,949617,949617,949617,949617,746664,949617,949617,949617,949617,949617,949617,949617,949617,949617,949617,949617,949617,949617,949617,949617,949617,949617,949617,949617,949617,746665,949617,949617,949617,949617,949617,949617,949617,949617,949617,949617,949617,949617,949617,949617,

Day 3520
2,4,2,4,2,4,6,3,2,3,2,1,3,2,23,8,3,2,8,5,3,5,2,2,10,6,2,3,5,8,21,1,5,1,2,6,3,5,1,3,14,2,2,5,1,10,2,3,14,15,3,2,2,2,6,2,2,1,4,1,6,9,2,3,16,3,10,5,1,2,2,3,3,5,13,2,3,1,3,3,11,2,3,2,7,5,6,2,2,2,2,3,2,2,5,3,7,3,9,11,1,1,2,3,2,3,1,21,2,6,3,3,6,13,2,2,11,2,2,1,2,2,4,5,6,4,3,2,3,2,7,2,2,5,3,2,5,6,3,9,13,3,3,2,2,1,2,5,2,2,7,2,3,5,2,2,1,
949617,949617,949617,949617,949617,949617,949617,949617,949617,949617,949617,949617,949617,949617,949617,949617,949617,949617,949617,949617,949617,949617,949617,949617,949617,949617,949617,949617,949617,949617,949617,949617,949617,949617,949617,949617,949617,949617,949617,949617,949617,949617,949617,949617,949617,949617,949617,949617,949617,949617,949617,949617,949617,949617,949617,949617,949617,949617,949617,949617,949617,949617,949617,949617,949617,949617,949617,949617,949617,949617,949617,949617,949617,949617,949617,949617,949617,949617,949617,949617,949617,949617,949617,949617,949617,949617,949617,949617,949617,949617,949617,949617,949617,746664,949617,949617,949617,949617,949617,949617,949617,949617,949617,949617,949617,949617,949617,949617,949617,949617,949617,949617,949617,949617,949617,949617,949617,949617,949617,949617,949617,949617,949617,949617,949617,949617,949617,949617,949617,949617,949617,949617,949617,949617,949617,949617,949617,949617,949617,949617,949617,949617,949617,949617,949617,949617,949617,949617,949617,949617,949617,949617,949617,949617,949617,949617,949617,

Day 3521
1,2,3,16,3,15,3,6,3,2,3,3,2,1,14,5,3,5,3,3,1,3,3,14,2,4,1,7,6,12,1,1,1,10,2,2,4,2,2,4,3,5,15,4,3,2,2,2,2,2,5,2,3,3,2,2,2,8,6,1,2,10,3,12,1,2,1,10,4,1,3,5,4,7,9,2,1,2,3,1,3,1,2,2,6,3,3,11,2,1,7,1,6,3,2,4,2,2,6,2,3,8,2,2,3,4,3,6,3,7,2,1,1,2,5,2,2,2,17,3,2,4,2,3,1,23,2,3,6,12,2,22,4,2,14,5,2,6,6,6,6,2,1,2,2,2,21,1,11,1,2,3,2,6,2,5,2,1,2,8,5,1,4,2,2,1,4,3,7,1,9,2,10,7,8,3,2,2,6,2,6,3,
746665,949617,949617,949617,949617,949617,949617,949617,949617,949617,949617,949617,949617,746665,949617,949617,949617,949617,949617,949617,746665,949617,949617,949617,949617,949617,746665,949617,949617,949617,746665,949617,746665,949617,949617,949617,949617,949617,949617,949617,949617,949617,949617,949617,949617,949617,949617,949617,949617,949617,949617,949617,949617,949617,949617,949617,949617,949617,949617,746665,746664,949617,949617,949617,746665,949617,949617,949617,949617,746665,949617,949617,949617,949617,949617,949617,746665,746664,949617,949617,949617,746665,949617,949617,949617,949617,949617,949617,949617,746665,949617,949617,949617,949617,949617,949617,949617,949617,949617,949617,949617,949617,746664,949617,949617,949617,949617,949617,949617,949617,949617,746665,949617,949617,949617,949617,746664,949617,949617,949617,746664,949617,746664,949617,746665,949617,949617,949617,949617,949617,949617,949617,949617,949617,949617,949617,949617,949617,949617,949617,949617,949617,949617,949617,949617,746664,949617,949617,949617,949617,949617,949617,949617,949617,949617,949617,949617,949617,949617,949617,949617,949617,949617,949617,746664,746665,949617,949617,949617,949617,949617,746664,949617,949617,949617,949617,949617,746664,949617,949617,949617,949617,

Day 3522
4,2,2,1,3,2,2,1,7,4,1,10,5,2,3,3,2,4,2,15,2,7,24,6,1,14,18,7,5,2,2,6,3,2,1,1,2,14,2,6,10,2,2,4,2,2,2,2,5,2,2,3,3,3,6,4,8,7,3,3,3,3,9,3,2,2,8,10,5,2,7,22,2,6,2,1,1,6,5,4,3,3,13,11,3,2,3,4,10,2,1,9,12,1,6,4,2,4,4,1,9,2,3,6,2,2,1,12,2,16,4,3,5,6,2,2,3,3,1,2,2,2,2,5,1,2,2,2,5,2,2,2,3,1,6,7,2,6,3,3,2,2,2,2,9,20,3,4,3,2,1,2,1,7,2,1,4,1,3,2,2,6,2,5,1,3,1,2,2,2,4,3,5,13,14,3,3,1,6,8,4,6,5,3,5,3,11,3,2,
949617,949617,949617,746665,949617,949617,949617,949617,949617,949617,949617,949617,949617,949617,949617,949617,949617,949617,949617,949617,949617,949617,949617,949617,949617,949617,949617,949617,949617,949617,949617,949617,949617,949617,949617,949617,949617,949617,949617,949617,949617,949617,949617,949617,949617,949617,949617,949617,949617,949617,949617,949617,949617,949617,949617,949617,949617,949617,949617,949617,949617,949617,949617,949617,949617,949617,949617,949617,949617,949617,949617,949617,949617,949617,949617,949617,949617,949617,949617,949617,949617,949617,949617,949617,949617,949617,949617,949617,949617,949617,949617,949617,949617,949617,949617,949617,949617,949617,949617,949617,949617,949617,949617,949617,949617,949617,949617,949617,949617,949617,949617,949617,949617,949617,949617,949617,949617,949617,746665,949617,949617,949617,949617,949617,949617,949617,746664,949617,949617,949617,949617,746664,949617,949617,949617,949617,949617,949617,949617,949617,949617,949617,949617,949617,949617,949617,949617,949617,949617,949617,949617,949617,746665,949617,949617,949617,949617,746665,949617,949617,949617,949617,949617,949617,746665,949617,949617,949617,949617,949617,949617,949617,949617,949617,949617,949617,949617,949617,949617,949617,949617,949617,949617,949617,949617,949617,949617,949617,949617,

Day 3523
1,7,2,7,7,3,3,3,5,3,2,13,1,5,2,2,1,3,2,1,6,13,2,10,20,1,2,6,2,6,3,5,2,3,11,5,2,7,3,5,2,2,1,10,7,3,2,4,6,3,3,3,1,2,4,2,5,2,1,3,2,1,5,2,2,3,2,6,4,3,5,6,4,1,3,2,8,3,3,6,3,2,2,2,9,11,1,7,3,2,2,3,2,2,2,5,4,8,4,1,2,3,2,2,2,2,1,1,3,1,2,1,3,2,22,15,1,4,22,3,4,15,9,3,5,6,2,11,3,1,2,3,2,7,5,7,3,6,3,3,10,3,3,7,14,3,3,6,3,2,10,17,2,2,3,17,2,7,1,3,1,2,2,2,2,5,8,10,5,1,5,1,2,2,2,2,1,2,3,3,5,2,1,2,7,15,4,2,1,1,3,1,3,1,1,1,10,2,7,13,1,3,3,4,3,5,12,2,6,2,6,1,3,6,3,5,12,
746665,949617,949617,949617,949617,949617,949617,949617,949617,949617,949617,949617,746665,949617,949617,949617,949617,949617,949617,746665,949617,949617,949617,949617,949617,746665,949617,949617,949617,949617,949617,949617,746664,949617,949617,949617,949617,949617,949617,949617,949617,949617,949617,949617,949617,949617,949617,949617,949617,949617,949617,949617,949617,949617,949617,746664,949617,746664,746665,949617,949617,746665,949617,949617,949617,949617,746664,949617,949617,949617,949617,949617,949617,746665,949617,746664,949617,949617,949617,949617,949617,746664,949617,949617,949617,949617,949617,949617,949617,949617,949617,949617,949617,949617,746664,949617,949617,949617,949617,746665,746664,949617,746664,949617,949617,746664,746665,949617,949617,949617,949617,949617,949617,949617,949617,949617,746665,949617,949617,949617,949617,949617,949617,949617,949617,949617,949617,949617,949617,746665,949617,949617,949617,949617,949617,949617,949617,949617,949617,949617,949617,949617,949617,949617,949617,949617,949617,949617,949617,949617,949617,949617,949617,949617,949617,949617,746664,949617,949617,949617,949617,949617,746664,949617,949617,949617,949617,949617,949617,746665,949617,746665,949617,949617,949617,949617,746665,949617,949617,949617,949617,949617,949617,949617,949617,949617,949617,949617,949617,949617,949617,746665,949617,949617,949617,746665,949617,949617,949617,949617,949617,949617,949617,949617,949617,949617,949617,949617,949617,949617,949617,949617,949617,949617,949617,949617,949617,

Day 3524
1,2,22,12,4,7,2,1,3,1,10,3,7,3,3,3,5,1,2,3,2,2,5,2,5,1,10,15,7,3,3,6,2,5,1,2,3,4,3,6,2,5,2,7,1,3,6,3,1,3,3,3,3,5,6,5,10,7,2,8,7,3,3,2,2,1,3,5,7,4,6,2,2,5,12,2,5,5,3,5,2,5,2,1,2,14,2,16,5,3,3,3,2,11,1,1,5,2,3,3,8,8,2,2,5,2,3,3,1,2,2,1,3,2,3,1,1,2,2,2,2,2,8,7,1,2,5,2,19,2,2,7,1,1,1,2,2,2,1,7,2,12,4,5,5,1,6,2,4,2,6,6,5,2,6,15,7,3,9,3,10,3,3,10,2,2,4,3,3,1,1,3,2,2,1,3,2,7,13,3,3,5,3,2,1,3,20,3,2,8,2,2,4,5,1,2,10,3,2,5,3,11,2,4,1,5,3,14,2,2,3,2,3,2,2,2,2,2,14,4,2,6,3,2,3,2,4,3,3,2,5,7,13,11,9,10,2,2,
949617,949617,949617,949617,949617,949617,949617,949617,949617,949617,949617,949617,949617,949617,949617,949617,949617,949617,949617,949617,949617,746664,949617,949617,949617,746665,949617,949617,949617,949617,949617,949617,949617,949617,746665,949617,949617,949617,949617,949617,949617,949617,949617,949617,949617,949617,949617,949617,746665,949617,949617,949617,949617,949617,949617,949617,949617,949617,949617,949617,949617,949617,949617,949617,949617,949617,949617,949617,949617,949617,949617,746664,949617,949617,949617,949617,949617,949617,949617,949617,949617,949617,949617,949617,949617,949617,949617,949617,949617,949617,949617,949617,949617,949617,949617,746665,949617,746664,949617,949617,949617,949617,746664,949617,949617,949617,949617,949617,746665,949617,949617,746665,949617,949617,949617,746665,949617,949617,949617,949617,949617,949617,949617,949617,949617,746664,949617,949617,949617,949617,949617,949617,949617,949617,949617,949617,949617,949617,949617,949617,949617,949617,949617,949617,949617,949617,949617,949617,949617,746664,949617,949617,949617,949617,949617,949617,949617,949617,949617,949617,949617,949617,949617,949617,746664,949617,949617,949617,949617,746665,949617,949617,746664,949617,949617,949617,949617,949617,949617,949617,949617,949617,949617,949617,949617,949617,949617,949617,949617,949617,746664,949617,949617,949617,949617,949617,949617,949617,949617,949617,949617,949617,949617,949617,949617,949617,949617,949617,949617,949617,949617,949617,949617,949617,949617,746664,949617,746664,949617,949617,746664,949617,949617,949617,949617,746664,949617,949617,949617,949617,949617,949617,949617,949617,949617,949617,949617,949617,

Day 3525
2,2,1,2,10,2,5,12,12,2,3,1,1,1,7,15,1,1,8,1,5,4,4,3,1,8,11,3,2,3,2,2,2,2,3,3,1,1,2,4,2,20,2,3,6,8,8,2,2,14,6,1,15,3,5,2,1,2,11,5,1,2,1,8,3,6,18,2,1,2,11,1,16,1,1,3,1,5,3,4,1,10,3,3,4,6,5,6,3,2,7,4,2,2,1,21,6,1,2,8,3,5,1,2,2,2,6,2,7,4,3,3,3,2,2,1,3,1,14,3,2,2,1,3,3,2,8,2,8,2,6,3,2,5,3,2,6,4,9,2,14,3,2,1,3,2,2,2,13,2,6,2,10,2,2,2,2,3,2,6,2,6,4,4,5,2,6,1,4,2,3,1,2,4,13,3,10,3,2,2,3,6,4,3,3,3,2,2,2,3,2,15,3,2,5,1,3,4,1,6,2,6,7,2,6,3,5,4,4,6,2,5,3,5,3,1,3,2,7,7,2,2,2,10,4,2,2,2,10,2,3,2,3,2,1,8,5,3,3,7,1,3,5,2,2,1,6,3,10,3,6,6,5,3,8,8,3,7,2,2,11,3,3,1,2,14,2,2,5,2,3,2,1,2,6,3,2,
746664,949617,746665,949617,949617,949617,949617,949617,949617,949617,949617,746665,746665,746665,949617,949617,746665,746665,949617,949617,949617,949617,949617,949617,746665,949617,949617,949617,949617,949617,949617,949617,746664,949617,949617,949617,746665,949617,949617,949617,746664,949617,949617,949617,949617,949617,949617,949617,949617,949617,949617,746665,949617,949617,949617,949617,746665,746664,949617,949617,746665,949617,746665,949617,949617,949617,949617,949617,746665,949617,949617,746665,949617,746665,746665,949617,949617,949617,949617,949617,949617,949617,949617,949617,949617,949617,949617,949617,949617,949617,949617,949617,949617,949617,949617,949617,949617,949617,949617,949617,949617,949617,949617,746664,746664,949617,949617,949617,949617,949617,949617,949617,949617,949617,949617,746665,949617,949617,949617,949617,949617,949617,949617,949617,949617,949617,949617,949617,949617,949617,949617,949617,949617,949617,949617,949617,949617,949617,949617,949617,949617,949617,746664,949617,949617,949617,949617,949617,949617,949617,949617,746664,949617,746664,949617,949617,949617,949617,949617,949617,746664,949617,949617,949617,949617,949617,949617,746665,949617,949617,949617,949617,949617,949617,949617,949617,949617,949617,949617,949617,949617,949617,949617,949617,949617,949617,949617,949617,746664,949617,949617,949617,949617,746664,949617,949617,949617,949617,949617,949617,746664,949617,949617,746664,949617,949617,949617,949617,949617,949617,949617,949617,949617,949617,949617,949617,949617,949617,949617,949617,949617,949617,949617,949617,949617,746664,949617,746664,949617,949617,949617,949617,949617,949617,949617,949617,949617,949617,949617,949617,746665,949617,949617,949617,949617,746665,949617,949617,949617,949617,949617,949617,949617,949617,949617,949617,949617,949617,746664,949617,949617,949617,949617,949617,949617,949617,949617,949617,949617,949617,949617,949617,746665,949617,949617,949617,746664,

Day 3526
2,4,2,2,11,1,3,6,2,3,8,5,2,3,2,3,3,2,3,2,5,11,2,2,3,8,2,12,3,5,3,1,1,1,1,1,2,5,2,10,9,1,2,3,2,2,2,2,1,3,9,6,2,5,3,8,1,2,15,2,1,2,5,3,2,5,4,6,2,18,3,7,5,3,2,4,11,3,11,2,2,2,1,2,3,3,2,3,3,1,5,8,2,8,3,2,8,3,4,5,3,6,5,8,3,1,2,2,2,2,3,2,3,2,3,4,2,3,3,4,3,2,3,1,17,2,12,1,2,8,1,2,13,6,7,3,3,2,4,3,3,3,2,2,6,2,3,2,12,2,9,10,6,3,2,2,2,2,1,3,2,5,6,6,5,2,8,2,10,2,1,2,3,2,3,1,2,2,4,13,2,6,5,1,15,2,3,5,6,3,8,8,3,5,2,3,2,14,2,4,6,3,2,1,5,6,6,2,11,6,4,3,3,2,6,2,6,3,6,2,6,1,5,1,2,2,2,17,2,2,2,7,2,2,8,5,2,5,3,9,1,14,5,1,9,1,2,5,5,4,5,5,7,7,7,3,1,6,6,1,15,2,3,2,4,3,2,9,4,7,7,3,3,15,3,5,3,3,6,4,3,5,11,3,2,8,3,2,3,4,2,3,2,7,2,3,3,2,2,2,2,12,2,12,2,4,2,
949617,949617,949617,949617,949617,746665,949617,949617,949617,949617,949617,949617,949617,949617,949617,949617,949617,949617,949617,949617,949617,949617,949617,949617,949617,949617,949617,949617,949617,949617,949617,746665,746665,746665,746665,746665,949617,949617,949617,949617,949617,746665,949617,949617,949617,949617,949617,949617,949617,949617,949617,949617,949617,949617,949617,949617,746665,949617,949617,949617,949617,949617,949617,949617,949617,949617,949617,949617,949617,949617,949617,949617,949617,949617,949617,949617,949617,949617,949617,949617,949617,949617,949617,949617,949617,949617,949617,949617,949617,746665,949617,949617,949617,949617,949617,949617,949617,949617,949617,949617,949617,949617,949617,949617,949617,746665,949617,949617,949617,949617,949617,949617,949617,949617,949617,949617,746664,949617,949617,949617,949617,949617,949617,949617,949617,949617,949617,746665,949617,949617,746665,949617,949617,949617,949617,949617,949617,949617,949617,949617,949617,949617,949617,949617,949617,949617,949617,949617,949617,949617,949617,949617,949617,949617,746664,949617,949617,949617,746665,949617,949617,949617,949617,949617,949617,746664,949617,746664,949617,949617,746665,949617,949617,949617,949617,949617,746664,949617,949617,949617,949617,949617,949617,949617,949617,949617,949617,949617,949617,949617,949617,949617,949617,949617,746664,949617,949617,949617,949617,949617,949617,949617,746664,949617,949617,949617,949617,949617,949617,949617,949617,949617,949617,949617,949617,949617,949617,949617,949617,949617,949617,949617,949617,949617,949617,746664,949617,949617,949617,746664,949617,949617,949617,949617,949617,949617,949617,949617,949617,949617,949617,949617,949617,746665,949617,746665,949617,949617,949617,949617,949617,949617,949617,949617,949617,949617,949617,949617,949617,746665,949617,949617,949617,949617,949617,949617,746664,949617,949617,949617,949617,949617,949617,949617,949617,949617,949617,949617,949617,949617,949617,949617,949617,949617,746664,949617,949617,949617,949617,949617,949617,949617,949617,949617,746664,949617,949617,949617,746664,949617,949617,949617,949617,949617,949617,949617,949617,

Day 3527
1,2,7,1,2,3,2,3,3,5,11,2,2,3,2,2,6,2,2,2,2,2,1,15,2,3,1,4,4,8,3,1,2,2,5,7,6,5,2,1,1,4,2,2,12,4,5,2,2,2,12,2,11,4,4,3,4,10,4,12,1,13,4,3,2,3,8,2,6,4,2,7,3,2,5,1,2,2,4,3,2,2,3,4,2,2,6,2,2,2,14,13,2,2,8,2,2,2,2,1,7,2,5,16,5,2,5,3,9,9,2,3,8,2,6,3,6,3,14,1,7,3,3,5,3,3,11,1,1,2,1,2,5,1,1,3,5,11,3,3,4,6,3,3,2,3,2,1,2,5,2,1,3,2,3,3,2,1,2,4,3,2,8,3,2,4,2,3,5,3,2,8,2,6,6,2,2,2,3,4,5,2,6,2,2,2,6,2,2,8,7,8,2,1,4,1,2,16,3,2,2,1,4,5,5,1,6,8,1,1,1,3,3,2,15,13,2,5,5,7,11,2,7,3,4,6,3,3,6,2,5,6,6,2,4,1,2,3,4,3,2,5,3,7,7,4,3,2,3,2,1,10,7,5,3,1,13,5,3,2,11,2,2,1,2,3,9,1,6,10,1,3,2,5,2,2,2,2,2,3,1,2,1,2,1,1,2,10,2,2,9,3,8,6,4,1,3,4,3,9,3,2,3,3,9,5,3,2,2,2,5,6,8,2,5,3,3,2,2,3,2,1,10,5,3,8,11,2,3,2,3,2,2,2,6,4,9,4,2,2,7,8,2,4,3,4,4,8,2,6,7,3,7,2,5,11,3,5,3,2,2,10,3,3,8,
746665,949617,949617,746665,949617,949617,746664,949617,949617,949617,949617,949617,949617,949617,949617,949617,949617,949617,746664,746664,949617,949617,746665,949617,949617,949617,949617,949617,949617,949617,949617,746665,949617,949617,949617,949617,949617,949617,949617,746665,949617,949617,949617,949617,949617,949617,949617,746664,949617,949617,949617,949617,949617,949617,949617,949617,949617,949617,949617,949617,949617,949617,949617,949617,746664,949617,949617,949617,949617,949617,949617,949617,949617,746664,949617,746665,949617,949617,949617,949617,746664,949617,949617,949617,949617,746664,949617,746664,746664,949617,949617,949617,949617,746664,949617,949617,949617,746664,949617,949617,949617,949617,949617,949617,949617,746664,949617,949617,949617,949617,949617,949617,949617,949617,949617,949617,949617,949617,949617,949617,949617,949617,949617,949617,949617,949617,949617,746665,949617,949617,746665,949617,949617,949617,746665,949617,949617,949617,949617,949617,949617,949617,949617,949617,949617,949617,949617,949617,949617,949617,746664,746665,949617,949617,949617,949617,746664,746665,949617,949617,949617,746664,949617,949617,949617,949617,949617,949617,949617,949617,949617,949617,949617,949617,949617,949617,949617,949617,949617,949617,949617,746664,949617,949617,746664,746664,949617,949617,746664,949617,949617,949617,949617,746665,949617,746665,949617,949617,949617,949617,746664,746665,949617,949617,949617,746665,949617,949617,746665,746665,746665,949617,949617,949617,949617,949617,949617,949617,949617,949617,949617,949617,949617,949617,949617,949617,949617,949617,949617,949617,949617,949617,949617,949617,949617,746665,949617,949617,949617,949617,949617,949617,949617,949617,949617,949617,949617,949617,949617,949617,949617,949617,949617,949617,949617,746665,949617,949617,949617,949617,949617,949617,949617,746665,949617,949617,949617,746665,949617,949617,949617,949617,746664,949617,746664,949617,949617,746664,949617,949617,746665,746664,949617,949617,746665,746665,949617,949617,746664,746664,949617,949617,949617,949617,949617,746665,949617,949617,949617,949617,949617,746664,949617,949617,949617,949617,949617,949617,949617,949617,949617,949617,949617,949617,949617,949617,949617,949617,949617,949617,949617,746665,949617,949617,949617,949617,949617,949617,949617,949617,949617,949617,949617,746664,949617,949617,949617,949617,949617,949617,949617,949617,746664,949617,949617,949617,949617,949617,949617,949617,949617,949617,949617,746664,949617,949617,949617,949617,949617,949617,949617,949617,949617,949617,949617,

Day 3528
2,2,2,2,1,2,1,2,6,1,2,4,2,5,6,1,3,1,15,1,3,2,5,9,5,7,5,1,8,3,3,2,2,2,2,6,3,5,3,3,3,7,2,3,3,10,8,10,4,13,2,2,3,1,2,7,2,5,5,5,1,12,5,3,3,7,2,2,1,2,3,8,4,1,3,3,1,2,1,14,2,7,2,1,3,5,1,8,5,2,7,2,1,14,2,3,2,4,2,2,2,2,3,1,2,2,3,2,6,5,2,6,1,5,4,5,3,1,3,2,3,2,2,9,11,4,3,2,5,8,3,3,2,3,5,2,6,2,1,3,1,2,2,7,9,1,2,7,3,2,2,3,2,3,3,1,2,5,5,2,3,5,4,3,11,7,8,2,7,2,6,2,2,2,9,1,13,3,2,2,5,3,11,2,8,2,4,2,1,3,3,2,2,2,3,5,2,4,3,2,8,9,2,2,1,1,3,8,2,2,2,2,3,2,11,3,3,6,3,1,2,5,2,3,3,2,2,5,5,13,6,6,2,1,12,2,12,12,7,3,2,9,4,2,7,3,2,3,3,3,1,2,7,2,5,2,3,5,3,3,5,6,8,2,3,6,2,2,3,1,1,2,2,6,5,6,6,5,5,1,2,3,2,9,3,5,3,4,4,6,2,5,3,2,8,4,2,3,5,5,3,2,3,1,9,8,2,7,4,10,1,5,3,5,9,1,12,11,10,8,4,10,4,5,1,7,2,2,3,2,6,3,3,3,5,7,3,4,4,2,3,2,3,2,8,2,4,3,2,2,2,2,2,3,3,2,2,2,4,2,2,2,8,3,6,2,2,7,6,10,3,10,2,3,3,2,3,2,2,3,4,5,3,6,5,1,7,5,2,2,10,4,2,6,4,2,2,1,8,5,3,1,2,2,11,1,2,3,4,4,3,5,3,3,2,11,2,2,2,3,1,4,2,2,5,8,1,8,2,2,3,2,3,5,5,2,2,3,9,
949617,949617,949617,746664,746665,949617,746665,949617,949617,746665,949617,949617,746664,949617,949617,746665,949617,746665,949617,746665,949617,746664,949617,949617,949617,949617,949617,949617,949617,949617,949617,949617,746664,949617,746664,949617,949617,949617,949617,949617,949617,949617,949617,949617,949617,949617,949617,949617,949617,949617,746664,746664,949617,746665,746664,949617,949617,949617,949617,949617,746665,949617,949617,949617,949617,949617,949617,949617,949617,949617,949617,949617,949617,746665,949617,949617,949617,746664,949617,949617,949617,949617,949617,949617,949617,949617,746665,949617,949617,949617,949617,949617,746665,949617,746664,949617,949617,949617,949617,949617,746664,949617,949617,949617,949617,746664,949617,746664,949617,949617,746664,949617,949617,949617,949617,949617,949617,949617,949617,949617,949617,949617,949617,949617,949617,949617,949617,746664,949617,949617,949617,949617,949617,949617,949617,949617,949617,746664,949617,949617,746665,949617,949617,949617,949617,746665,746664,949617,949617,949617,746664,949617,949617,949617,949617,746665,949617,949617,949617,949617,949617,949617,949617,949617,949617,949617,949617,746664,949617,949617,949617,949617,949617,949617,949617,949617,949617,949617,746664,949617,949617,949617,949617,949617,949617,949617,949617,949617,949617,949617,949617,949617,949617,746664,949617,949617,746664,949617,949617,949617,949617,949617,949617,949617,746665,949617,949617,949617,746664,949617,949617,949617,949617,746664,949617,949617,949617,949617,949617,746665,949617,949617,949617,949617,949617,949617,949617,949617,949617,949617,949617,949617,949617,949617,949617,949617,949617,949617,949617,949617,949617,949617,949617,746664,949617,949617,746664,949617,949617,949617,949617,949617,949617,949617,949617,949617,949617,949617,949617,949617,949617,949617,949617,746664,949617,949617,949617,746664,949617,746665,746665,746664,949617,949617,949617,949617,949617,949617,949617,949617,949617,949617,949617,949617,949617,949617,949617,949617,949617,949617,746664,949617,949617,949617,949617,949617,949617,949617,949617,949617,949617,949617,949617,746665,949617,949617,746664,949617,949617,949617,746665,949617,949617,949617,949617,949617,949617,949617,949617,949617,949617,949617,949617,949617,746665,949617,949617,949617,949617,949617,949617,949617,949617,949617,949617,949617,949617,949617,949617,746664,949617,949617,949617,949617,949617,949617,949617,949617,949617,949617,746664,949617,949617,949617,949617,949617,746664,746664,949617,949617,949617,949617,949617,949617,949617,746664,746664,949617,949617,949617,949617,949617,949617,949617,949617,949617,949617,746664,746664,949617,949617,949617,949617,949617,949617,746665,949617,949617,949617,746664,949617,949617,949617,949617,949617,746664,746664,746665,949617,949617,949617,746665,949617,949617,949617,746665,949617,949617,949617,949617,949617,949617,949617,949617,746664,949617,949617,949617,949617,949617,746665,949617,949617,746664,949617,949617,746665,949617,746664,746664,949617,949617,949617,949617,949617,746664,949617,949617,949617,

Day 3529
5,10,5,6,9,3,2,1,10,10,1,9,2,2,2,7,3,3,2,2,5,6,3,2,5,3,2,2,2,6,2,2,3,3,2,5,3,2,2,2,2,3,1,1,8,2,6,1,2,8,2,9,2,3,2,2,3,1,3,5,6,2,7,12,4,2,5,5,12,2,2,11,1,3,7,4,1,3,1,1,5,2,1,2,2,8,2,2,2,8,4,11,2,2,4,2,2,5,6,5,2,6,6,4,2,11,5,5,2,2,1,4,12,1,3,1,3,2,5,3,11,1,4,6,5,3,6,4,1,3,2,2,2,10,2,2,6,5,3,5,2,5,2,1,3,3,3,8,8,2,2,4,5,3,5,3,3,8,4,2,2,2,3,3,3,3,1,6,2,4,2,9,2,3,3,3,1,5,2,9,5,10,6,3,2,3,4,4,1,5,2,2,5,1,3,1,4,2,2,3,3,3,3,1,2,2,3,2,3,2,2,2,2,5,2,2,2,2,3,2,2,8,2,5,10,3,5,7,3,3,2,3,2,2,5,3,1,3,2,9,2,4,3,2,2,2,6,2,4,9,3,2,3,3,5,4,2,3,3,6,2,9,10,4,5,2,3,8,2,7,2,3,3,6,3,2,1,3,2,2,4,2,2,2,3,8,4,8,3,3,5,3,2,3,7,2,6,3,2,3,8,5,3,2,7,6,2,2,2,5,2,4,9,2,6,2,3,1,5,5,3,2,3,2,2,9,8,4,3,5,2,2,2,3,2,2,6,5,3,10,3,2,2,5,2,3,2,6,3,4,7,8,6,3,2,2,8,7,4,2,4,3,8,3,3,3,1,4,3,3,2,6,1,4,3,2,2,7,3,2,2,4,8,6,6,3,2,8,3,6,1,2,4,4,6,2,4,3,4,1,2,6,4,5,3,3,1,7,2,2,2,2,3,5,2,10,10,3,2,7,5,3,7,3,1,2,2,3,3,7,5,2,2,2,2,8,2,3,5,4,2,2,2,8,4,6,3,5,2,2,5,7,9,2,7,9,4,6,3,2,3,6,10,2,2,2,1,10,8,2,3,4,3,5,4,4,4,3,4,2,3,2,2,2,2,5,3,1,2,2,4,3,7,5,4,3,7,7,5,2,5,2,3,3,7,1,3,8,3,2,2,2,1,3,2,2,4,2,4,3,3,3,3,5,2,3,3,4,9,2,2,8,6,8,4,8,2,2,
949617,949617,949617,949617,949617,949617,949617,746665,949617,949617,746665,949617,949617,949617,746664,949617,949617,949617,949617,949617,949617,949617,949617,746664,949617,949617,746664,949617,949617,949617,949617,949617,949617,949617,746664,949617,949617,949617,746664,949617,746664,949617,746665,746665,949617,746664,949617,746665,949617,949617,949617,949617,746664,949617,949617,949617,949617,746665,949617,949617,949617,949617,949617,949617,949617,746664,949617,949617,949617,949617,746664,949617,746665,949617,949617,949617,949617,949617,746665,746665,949617,949617,949617,949617,949617,949617,949617,949617,949617,949617,949617,949617,949617,746664,949617,949617,746664,949617,949617,949617,746664,949617,949617,949617,949617,949617,949617,949617,746664,949617,746665,949617,949617,949617,949617,746665,949617,949617,949617,949617,949617,746665,949617,949617,949617,949617,949617,949617,746665,949617,949617,746664,949617,949617,949617,949617,949617,949617,949617,949617,746664,949617,746664,746665,949617,949617,949617,949617,949617,949617,949617,949617,949617,949617,949617,949617,949617,949617,949617,746664,949617,746664,949617,949617,949617,949617,746665,949617,949617,949617,949617,949617,949617,949617,949617,949617,746665,949617,949617,949617,949617,949617,949617,949617,949617,949617,949617,949617,746665,949617,949617,949617,949617,746665,949617,746665,949617,949617,949617,949617,949617,949617,949617,746665,949617,746664,949617,949617,949617,746664,746664,746664,746664,949617,949617,746664,949617,949617,949617,746664,949617,949617,949617,949617,949617,949617,949617,949617,949617,949617,949617,949617,949617,949617,949617,949617,746665,949617,746664,949617,949617,949617,949617,949617,949617,949617,949617,746664,949617,949617,949617,949617,949617,949617,949617,949617,746664,949617,949617,949617,949617,949617,949617,949617,949617,746664,949617,949617,746664,949617,746664,949617,949617,949617,949617,949617,949617,949617,949617,949617,949617,949617,746664,746664,949617,949617,949617,949617,949617,949617,949617,949617,949617,949617,949617,949617,949617,949617,746664,949617,949617,949617,949617,949617,949617,949617,949617,746664,949617,949617,949617,949617,949617,949617,949617,746664,949617,746665,949617,949617,949617,949617,949617,746664,746664,949617,949617,949617,949617,949617,949617,949617,949617,949617,746664,949617,949617,949617,949617,949617,949617,949617,746664,949617,746664,949617,949617,949617,949617,949617,949617,949617,949617,949617,746664,949617,949617,949617,949617,949617,949617,949617,949617,949617,949617,949617,746665,949617,949617,949617,746664,949617,746665,949617,949617,949617,746664,949617,949617,949617,746664,949617,949617,949617,949617,949617,949617,949617,949617,949617,746665,949617,949617,949617,949617,746664,949617,949617,949617,746665,949617,949617,949617,949617,949617,949617,746665,949617,746664,949617,746664,949617,949617,949617,949617,949617,949617,949617,746664,949617,949617,949617,949617,949617,746665,949617,746664,949617,949617,949617,949617,949617,949617,746664,949617,949617,949617,949617,949617,949617,949617,949617,949617,949617,949617,949617,949617,949617,746664,949617,949617,949617,949617,746664,949617,949617,949617,949617,949617,746664,949617,949617,949617,949617,949617,746664,746665,949617,949617,949617,949617,949617,949617,949617,949617,949617,949617,949617,949617,949617,949617,746664,746664,949617,949617,949617,949617,746665,949617,746664,949617,949617,949617,949617,949617,949617,949617,949617,949617,746664,949617,949617,949617,949617,949617,746665,949617,949617,949617,746664,746664,746664,746665,949617,746664,746664,949617,949617,949617,949617,949617,949617,949617,949617,949617,949617,949617,949617,949617,949617,949617,949617,949617,949617,949617,949617,746664,746664,

Day 3530
1,2,2,3,2,2,5,7,4,2,2,4,2,8,3,5,6,2,7,7,2,2,1,6,3,10,8,7,3,3,2,3,3,1,3,2,2,5,2,4,2,2,2,8,5,2,5,8,2,5,2,2,5,2,3,2,2,10,6,6,5,1,2,2,3,4,2,5,2,10,2,2,7,3,7,3,4,2,8,1,5,3,3,6,2,8,2,7,2,2,8,2,2,2,6,3,2,7,2,8,2,4,8,3,1,2,5,2,2,2,4,2,2,3,3,6,6,3,2,1,9,3,6,2,3,2,5,3,2,6,2,1,2,1,2,2,2,2,7,3,8,8,5,5,3,2,1,5,9,2,5,8,3,6,3,8,3,2,7,2,2,3,3,2,6,5,4,3,2,4,6,2,3,6,2,2,3,2,3,3,7,2,4,4,5,5,4,3,3,7,2,5,2,2,2,4,2,3,1,6,4,3,3,3,4,3,2,7,2,4,3,2,2,5,2,8,2,2,3,4,4,9,6,2,6,2,9,2,4,5,1,3,2,3,3,4,2,3,3,2,2,1,6,3,4,2,8,2,3,7,7,3,9,7,7,6,4,4,7,4,9,4,1,2,3,5,2,1,2,7,2,2,2,9,4,5,2,2,2,4,2,3,7,2,2,3,4,8,2,4,2,3,5,2,3,4,3,2,9,1,2,8,3,2,3,1,3,2,2,3,2,2,2,5,3,8,4,7,7,3,2,5,3,5,5,2,5,3,2,2,4,5,6,2,2,2,2,6,2,2,4,3,3,7,2,7,8,2,3,2,1,2,2,5,6,3,6,4,2,6,3,2,8,2,4,2,3,1,3,2,3,1,2,4,7,4,7,3,6,5,2,2,5,2,2,5,6,7,7,4,2,3,1,3,3,2,2,5,2,2,3,2,2,5,2,2,8,5,1,4,4,3,4,3,3,3,2,4,7,3,1,4,2,4,4,3,3,2,2,2,1,2,3,2,3,2,2,3,7,2,3,5,2,7,1,2,2,5,3,4,4,5,3,2,2,1,7,3,5,2,3,3,4,3,4,4,5,2,5,3,6,5,4,1,5,2,5,2,2,2,5,4,2,5,5,2,4,7,5,2,2,2,2,2,6,4,2,3,4,5,7,2,3,2,3,2,3,1,2,4,6,4,2,6,5,2,2,4,3,4,5,2,3,4,2,4,3,2,5,3,3,4,2,3,2,2,2,2,2,3,6,3,3,2,1,5,3,6,7,4,7,5,3,3,5,3,6,7,2,4,4,2,4,1,3,5,2,3,3,2,3,3,8,4,2,4,2,2,3,3,3,1,3,2,3,3,2,3,2,3,2,3,2,3,5,3,7,3,4,4,2,2,6,8,3,2,3,3,7,3,2,3,2,5,2,3,4,7,2,3,3,4,3,3,4,2,2,3,4,4,7,7,5,2,2,2,5,4,5,2,6,2,3,2,6,6,1,3,2,3,7,6,4,3,3,2,2,4,2,6,3,3,3,5,6,4,4,3,4,2,3,7,2,4,3,5,3,7,6,4,2,3,3,5,7,2,7,5,7,4,2,
949617,746664,949617,949617,949617,746664,949617,949617,949617,746664,949617,949617,746664,949617,949617,949617,949617,949617,949617,949617,746664,746664,746665,949617,949617,949617,949617,949617,949617,949617,746664,949617,949617,746665,949617,746664,746664,949617,746664,949617,949617,949617,746664,949617,949617,949617,949617,949617,949617,949617,949617,949617,949617,746664,949617,949617,949617,949617,949617,949617,949617,746665,746664,949617,949617,949617,746664,949617,949617,949617,949617,746664,949617,949617,949617,949617,949617,949617,949617,746665,949617,949617,949617,949617,746664,949617,746664,949617,746664,746664,949617,949617,949617,949617,949617,949617,949617,949617,949617,949617,746664,949617,949617,949617,746665,949617,949617,949617,949617,949617,949617,949617,746664,949617,949617,949617,949617,949617,949617,949617,949617,949617,949617,949617,949617,949617,949617,949617,746664,949617,949617,746665,949617,746665,949617,949617,949617,949617,949617,949617,949617,949617,949617,949617,949617,746664,746665,949617,949617,949617,949617,949617,949617,949617,949617,949617,949617,746664,949617,949617,949617,949617,949617,949617,949617,949617,949617,949617,949617,949617,949617,746664,949617,949617,949617,746664,949617,746664,949617,949617,949617,746664,949617,949617,949617,949617,949617,949617,949617,949617,949617,949617,746664,746664,949617,949617,949617,949617,746665,949617,949617,949617,949617,949617,949617,949617,746664,949617,746664,949617,949617,949617,949617,949617,949617,949617,746664,746664,949617,949617,949617,949617,949617,949617,949617,746664,949617,949617,949617,949617,746665,949617,746664,949617,949617,949617,949617,949617,949617,746664,949617,746665,949617,949617,949617,949617,949617,949617,949617,949617,949617,949617,949617,949617,949617,949617,949617,949617,949617,949617,949617,949617,746665,746664,949617,949617,746664,746665,746664,949617,949617,949617,746664,949617,949617,949617,949617,746664,949617,949617,746664,949617,949617,949617,949617,949617,949617,949617,746664,949617,949617,949617,949617,949617,949617,949617,949617,949617,949617,746665,746664,949617,949617,949617,949617,746665,949617,746664,746664,949617,746664,746664,949617,949617,949617,949617,949617,949617,949617,949617,746664,949617,949617,949617,949617,746664,949617,949617,746664,746664,949617,949617,949617,746664,746664,949617,949617,949617,746664,746664,949617,949617,949617,949617,746664,949617,949617,949617,949617,746664,746665,949617,746664,949617,949617,949617,949617,949617,746664,949617,949617,949617,949617,949617,949617,746664,949617,746665,949617,746664,949617,746665,949617,949617,949617,949617,949617,949617,949617,949617,746664,746664,949617,746664,949617,949617,949617,949617,949617,949617,949617,949617,746665,949617,949617,949617,949617,949617,949617,746664,949617,949617,949617,949617,746664,949617,949617,949617,746665,949617,949617,949617,949617,949617,949617,949617,746664,949617,949617,949617,746665,949617,746664,949617,949617,949617,949617,746664,746664,746664,746665,949617,949617,949617,949617,746664,949617,949617,949617,746664,949617,949617,746664,949617,746665,949617,746664,949617,949617,949617,949617,949617,949617,746664,746664,746665,949617,949617,949617,949617,949617,949617,949617,949617,949617,949617,949617,746664,949617,949617,949617,949617,949617,746665,949617,949617,949617,746664,949617,746664,949617,949617,949617,949617,949617,949617,949617,949617,949617,746664,949617,746664,746664,746664,949617,949617,746664,949617,949617,949617,949617,746664,949617,746664,949617,949617,949617,746665,949617,949617,949617,949617,746664,949617,949617,949617,746664,949617,949617,949617,949617,949617,949617,949617,746664,949617,949617,949617,949617,949617,949617,949617,746664,949617,746664,746664,949617,746664,746664,949617,949617,949617,949617,746664,746665,949617,949617,949617,949617,949617,949617,949617,949617,949617,949617,949617,949617,949617,746664,949617,949617,949617,949617,746665,949617,949617,949617,949617,949617,746664,949617,949617,949617,949617,949617,949617,746664,746664,949617,949617,949617,746665,949617,949617,949617,949617,746664,949617,949617,949617,949617,949617,949617,949617,949617,949617,949617,949617,949617,949617,746664,746664,949617,949617,949617,746664,949617,949617,949617,949617,746664,949617,746664,949617,746664,949617,949617,949617,746664,949617,949617,949617,949617,949617,949617,949617,746664,949617,949617,949617,949617,949617,949617,949617,746664,949617,949617,949617,949617,746664,949617,949617,949617,746664,949617,949617,746665,949617,746664,949617,949617,949617,949617,949617,949617,746664,746664,949617,746664,949617,949617,949617,949617,949617,949617,949617,949617,949617,949617,746664,949617,949617,746664,949617,949617,949617,949617,949617,949617,949617,746664,949617,949617,949617,949617,746664,949617,949617,949617,949617,746664,

Day 3531
2,2,2,7,8,2,2,6,2,1,5,8,2,3,5,1,2,3,7,2,3,2,5,7,6,5,2,2,2,2,5,3,2,6,3,2,4,5,5,7,7,2,3,3,3,3,2,6,2,2,6,7,2,1,2,3,4,2,2,5,4,2,1,3,5,8,8,2,1,4,2,5,1,7,2,7,4,6,2,3,3,2,2,2,2,3,2,2,2,2,2,5,4,6,2,5,2,5,4,1,4,2,5,2,2,5,2,2,5,7,2,3,4,6,2,2,7,2,3,2,2,4,4,2,4,2,4,5,6,4,7,6,2,2,4,3,7,2,3,3,6,3,2,5,8,2,3,7,2,1,6,3,2,3,6,2,2,2,2,5,2,5,2,5,7,2,2,3,2,6,2,3,4,5,5,2,4,3,5,3,2,4,1,3,2,5,2,2,2,4,2,5,3,2,4,7,7,2,7,3,2,3,4,2,2,2,5,6,4,3,2,3,7,2,7,2,2,2,2,2,4,5,2,1,3,3,7,5,3,3,2,6,2,3,4,5,5,3,3,1,7,2,3,2,5,2,4,2,2,4,3,4,3,2,2,1,6,4,7,3,3,3,5,6,3,2,4,5,5,3,3,2,4,3,2,4,7,3,2,3,4,3,2,2,2,2,6,2,2,3,2,5,5,4,2,3,2,4,2,2,3,7,3,3,7,3,4,2,5,2,2,6,2,2,5,2,6,2,3,2,2,5,4,5,3,2,5,5,1,7,1,6,2,2,4,4,6,3,2,7,2,5,3,2,4,6,3,2,2,2,3,2,3,7,6,5,5,3,4,5,2,3,6,6,6,7,4,2,2,2,3,4,2,3,4,4,3,3,4,2,6,2,2,2,4,4,3,2,3,2,2,4,2,4,2,2,3,2,2,2,3,2,4,2,6,4,4,5,2,3,6,6,2,2,3,6,4,3,6,2,3,3,3,3,3,2,2,2,2,6,3,2,4,3,6,4,3,4,6,2,2,3,2,2,6,6,3,2,3,3,2,2,3,3,6,2,3,5,2,3,4,3,4,3,6,5,6,3,2,6,6,3,6,2,4,5,2,4,6,3,6,2,3,2,2,3,5,2,4,2,7,3,4,4,4,4,2,3,6,5,2,3,5,2,3,4,3,2,4,2,6,3,4,2,3,2,3,3,2,2,3,2,3,2,3,2,5,5,2,3,2,2,4,3,2,4,3,2,2,3,2,3,3,4,3,2,2,4,6,3,5,2,2,2,5,2,2,4,4,4,3,6,2,2,2,6,2,3,2,3,3,6,3,4,5,2,2,3,4,2,2,6,3,6,3,6,5,3,2,2,6,4,3,2,2,2,5,2,2,2,3,2,5,4,4,5,4,3,4,2,4,2,2,3,5,4,2,4,2,3,4,3,4,2,3,4,4,3,2,3,2,2,6,2,5,3,2,4,3,6,3,2,2,4,3,5,2,5,5,4,2,4,5,4,2,5,4,6,2,5,6,6,2,3,3,4,4,3,4,4,3,3,2,2,5,3,3,2,2,6,2,4,3,2,2,5,3,5,2,4,3,3,4,5,4,3,4,4,2,2,3,6,4,2,3,4,4,5,3,3,4,3,4,4,6,5,3,4,5,4,5,3,4,2,3,2,4,2,3,2,2,6,2,4,3,5,3,3,2,2,6,3,3,3,5,3,4,4,3,4,3,5,5,4,5,2,3,5,3,4,5,2,2,2,2,2,4,5,4,3,3,3,5,4,4,3,3,4,2,2,4,3,2,3,5,3,5,4,4,5,2,2,5,3,2,5,4,3,4,4,2,2,3,2,3,4,3,4,2,4,3,4,4,5,2,3,3,4,4,2,4,3,3,3,2,2,5,5,3,5,2,3,2,4,5,3,4,4,4,2,4,4,2,4,2,4,2,5,3,3,4,5,3,3,3,3,3,4,4,4,2,5,2,5,4,2,3,2,4,2,4,3,5,2,4,3,2,4,2,3,2,5,3,5,2,3,5,3,5,2,4,3,3,2,2,3,3,2,2,2,3,4,3,2,3,3,3,4,4,3,4,4,3,5,3,
746664,746664,746664,949617,949617,746664,746664,949617,949617,746665,949617,949617,746664,949617,949617,746665,949617,949617,949617,949617,949617,746664,949617,949617,949617,949617,746664,949617,949617,746664,949617,949617,949617,949617,949617,746664,949617,949617,949617,949617,949617,746664,949617,949617,949617,949617,949617,949617,746664,746664,949617,949617,949617,746665,949617,949617,949617,949617,949617,949617,949617,746664,746665,949617,949617,949617,949617,949617,746665,949617,949617,949617,746665,949617,746664,949617,949617,949617,949617,949617,949617,746664,949617,746664,949617,949617,746664,746664,746664,746664,746664,949617,949617,949617,746664,949617,746664,949617,949617,746665,949617,949617,949617,746664,746664,949617,949617,949617,949617,949617,949617,949617,949617,949617,746664,746664,949617,746664,949617,949617,949617,949617,949617,949617,949617,746664,949617,949617,949617,949617,949617,949617,949617,746664,949617,949617,949617,949617,949617,949617,949617,949617,746664,949617,949617,949617,949617,949617,746664,746665,949617,949617,746664,949617,949617,746664,949617,746664,949617,949617,746664,949617,746664,949617,949617,746664,949617,949617,746664,949617,746664,949617,949617,949617,949617,949617,949617,949617,949617,949617,746664,949617,746665,949617,746664,949617,746664,746664,949617,949617,949617,949617,949617,746664,949617,949617,949617,746664,949617,949617,746664,949617,949617,949617,949617,949617,949617,949617,949617,949617,746664,949617,949617,949617,949617,949617,746664,746664,949617,746664,949617,949617,949617,746665,949617,949617,949617,949617,949617,949617,949617,949617,949617,949617,949617,949617,949617,949617,949617,746665,949617,949617,949617,949617,949617,746664,949617,746664,746664,949617,949617,949617,949617,746664,746664,746665,949617,949617,949617,949617,949617,949617,949617,949617,949617,949617,949617,949617,949617,949617,949617,949617,949617,949617,949617,949617,949617,949617,746664,949617,949617,949617,746664,746664,949617,949617,949617,746664,746664,949617,949617,949617,949617,949617,949617,949617,746664,949617,949617,949617,949617,949617,949617,949617,949617,949617,949617,746664,949617,746664,746664,949617,949617,746664,949617,949617,949617,949617,949617,746664,949617,949617,949617,949617,949617,949617,949617,949617,746665,949617,746665,949617,949617,949617,949617,949617,949617,949617,746664,949617,746664,949617,949617,949617,949617,949617,949617,746664,746664,746664,949617,746664,949617,949617,949617,949617,949617,949617,949617,949617,746664,949617,949617,949617,949617,949617,949617,746664,746664,746664,949617,949617,949617,949617,949617,949617,949617,949617,949617,949617,949617,746664,746664,949617,949617,949617,949617,746664,949617,746664,746664,949617,746664,949617,746664,746664,949617,746664,746664,746664,949617,746664,949617,746664,949617,949617,949617,949617,746664,949617,949617,949617,949617,949617,949617,949617,949617,949617,949617,949617,949617,949617,949617,949617,949617,949617,746664,746664,746664,949617,949617,746664,949617,949617,949617,949617,949617,949617,949617,746664,949617,949617,746664,746664,949617,949617,949617,746664,949617,949617,746664,746664,949617,949617,949617,746664,949617,949617,746664,949617,949617,949617,949617,949617,949617,949617,949617,949617,949617,949617,949617,949617,949617,949617,949617,949617,949617,949617,949617,949617,949617,746664,949617,746664,746664,949617,949617,746664,949617,949617,949617,949617,949617,949617,949617,949617,746664,949617,949617,949617,746664,949617,949617,746664,949617,949617,949617,949617,949617,746664,949617,949617,949617,746664,949617,746664,949617,949617,746664,746664,949617,746664,949617,746664,949617,949617,949617,949617,746664,949617,949617,746664,949617,949617,746664,949617,949617,746664,746664,949617,949617,949617,949617,949617,949617,746664,949617,949617,949617,949617,949617,949617,746664,746664,949617,746664,949617,949617,949617,949617,949617,949617,746664,746664,949617,949617,746664,949617,746664,949617,949617,949617,949617,949617,949617,746664,746664,949617,949617,746664,746664,949617,949617,949617,949617,949617,949617,949617,746664,746664,949617,949617,949617,746664,746664,746664,949617,746664,746664,746664,949617,746664,949617,949617,949617,949617,949617,949617,949617,746664,949617,949617,949617,949617,949617,949617,949617,949617,746664,949617,949617,949617,949617,949617,949617,949617,949617,949617,746664,949617,746664,746664,949617,746664,949617,949617,746664,949617,949617,949617,949617,949617,949617,949617,949617,949617,746664,949617,949617,949617,746664,949617,949617,949617,746664,949617,949617,949617,949617,949617,949617,949617,746664,949617,949617,949617,949617,949617,949617,949617,949617,949617,746664,746664,949617,949617,949617,949617,949617,949617,746664,949617,949617,746664,949617,949617,949617,949617,746664,949617,949617,949617,949617,949617,949617,949617,949617,949617,746664,746664,949617,949617,949617,746664,949617,949617,949617,949617,949617,949617,949617,949617,949617,949617,949617,949617,949617,949617,949617,949617,949617,949617,949617,746664,949617,746664,949617,746664,949617,746664,746664,949617,746664,949617,949617,949617,949617,949617,746664,746664,949617,949617,949617,949617,949617,949617,949617,949617,949617,949617,949617,949617,949617,949617,949617,746664,949617,949617,949617,949617,949617,746664,746664,746664,746664,746664,949617,949617,949617,949617,949617,949617,949617,949617,949617,949617,949617,949617,746664,746664,949617,949617,746664,949617,949617,949617,949617,949617,949617,949617,746664,746664,949617,949617,746664,949617,949617,949617,949617,949617,746664,746664,949617,746664,949617,949617,949617,949617,746664,949617,949617,949617,949617,949617,746664,949617,949617,949617,949617,949617,949617,949617,949617,949617,746664,746664,949617,949617,949617,949617,746664,949617,746664,949617,949617,949617,949617,949617,949617,746664,949617,949617,746664,949617,746664,949617,746664,949617,949617,949617,949617,949617,949617,949617,949617,949617,949617,949617,949617,949617,746664,949617,949617,949617,949617,746664,949617,746664,949617,746664,949617,949617,949617,746664,949617,949617,746664,949617,746664,949617,746664,949617,949617,949617,746664,949617,949617,949617,949617,746664,949617,949617,949617,746664,949617,949617,949617,746664,746664,949617,949617,949617,949617,746664,949617,949617,949617,949617,949617,949617,949617,949617,949617,949617,949617,

Day 3532
2,3,2,6,4,6,2,2,1,3,5,1,2,4,4,2,3,5,2,4,2,2,6,6,4,3,6,2,5,3,5,4,2,5,4,5,2,2,5,2,3,2,2,6,3,2,3,3,4,4,6,2,2,1,2,2,2,4,2,2,3,2,5,2,5,2,2,5,2,6,5,5,2,1,2,2,2,4,2,2,3,3,5,3,2,4,6,5,2,2,2,2,4,2,3,2,5,2,2,3,5,2,2,2,4,2,2,3,2,1,3,2,2,4,2,2,5,2,4,2,2,3,2,1,1,2,5,5,3,2,2,5,3,4,6,5,2,4,2,2,2,2,4,2,5,5,4,5,3,6,2,2,5,6,5,2,2,2,2,2,2,4,6,2,2,4,5,2,2,5,2,3,5,2,5,2,5,3,2,5,4,2,2,2,5,3,6,2,2,6,2,5,2,2,3,6,3,2,2,5,6,2,2,2,2,2,5,2,4,3,6,5,4,2,5,6,2,2,5,2,2,2,2,4,2,2,3,4,5,3,2,4,2,2,5,5,4,5,4,2,2,6,6,6,3,4,2,2,2,4,2,2,2,3,2,2,2,3,2,4,2,4,4,4,4,4,2,4,4,4,2,2,4,3,3,2,5,2,5,4,3,2,3,2,2,2,3,5,5,4,5,3,2,3,3,3,2,3,2,6,3,4,3,2,4,2,4,5,3,5,3,5,2,5,4,2,5,2,3,3,2,2,3,4,5,2,3,5,2,5,3,2,5,2,6,4,3,5,2,5,3,2,3,2,5,3,2,5,5,2,4,3,2,2,5,3,2,5,2,4,4,5,3,5,4,4,3,4,5,2,3,2,2,2,3,3,2,2,5,2,3,3,5,5,2,5,5,3,4,5,2,4,2,2,2,4,2,5,2,2,5,3,4,2,3,3,2,3,2,2,4,3,2,2,4,3,5,2,3,4,4,5,3,2,3,2,2,2,2,2,2,5,2,3,2,2,3,4,2,3,4,5,2,5,2,3,5,3,3,3,3,4,2,4,4,3,4,2,5,3,4,4,5,4,2,3,2,5,3,5,4,5,2,3,5,4,3,4,3,4,3,3,5,2,2,2,3,4,4,4,4,2,5,3,4,4,5,4,5,4,2,4,2,5,3,2,3,4,5,4,2,3,3,3,4,5,2,5,3,3,4,3,3,4,4,2,4,4,3,4,3,3,2,3,5,5,3,2,2,4,2,2,2,2,4,2,3,5,2,2,3,5,2,2,2,4,4,5,4,4,5,2,4,5,3,4,5,3,3,4,5,4,5,5,2,2,2,4,2,2,2,2,2,3,5,4,2,3,2,3,3,4,4,3,3,3,2,2,2,5,2,4,4,3,4,3,5,2,3,3,3,2,4,2,3,3,4,2,2,2,2,4,4,2,3,3,3,5,2,2,3,4,4,4,5,2,3,4,3,5,5,4,2,3,4,4,3,3,3,4,2,3,2,3,5,3,4,4,3,3,3,4,4,3,3,5,4,3,4,3,2,3,4,2,4,2,4,2,4,5,5,2,4,2,4,5,3,4,3,4,3,3,3,5,5,2,2,3,2,3,5,5,2,4,2,4,3,3,4,4,3,4,3,2,3,4,2,4,3,4,2,3,2,2,2,4,3,3,5,3,3,2,2,2,4,3,5,2,3,5,2,5,4,2,5,3,3,3,3,4,4,2,4,3,2,4,2,3,3,5,2,4,4,3,2,3,4,4,4,2,2,4,3,3,4,4,3,3,2,2,4,2,3,4,2,2,2,3,2,3,4,3,3,2,4,3,2,2,3,4,3,2,4,3,3,4,5,2,5,4,2,2,4,5,4,4,3,3,3,5,2,4,4,2,4,4,3,4,2,4,2,4,3,3,2,2,2,2,3,2,2,4,2,4,3,4,3,4,2,2,2,3,4,3,4,2,3,4,4,4,4,3,3,3,3,4,3,2,2,3,2,4,3,4,4,4,2,4,4,2,3,2,3,4,3,2,4,4,4,2,2,2,3,3,3,2,2,3,2,4,4,3,3,2,3,4,4,2,2,3,2,2,2,3,4,3,4,2,4,4,3,4,4,2,3,4,4,3,3,4,4,4,4,2,2,3,4,3,3,4,3,4,4,3,2,3,3,3,3,3,4,4,2,4,3,3,2,4,3,2,3,3,3,2,3,2,4,4,3,4,2,4,4,4,2,4,3,3,3,4,4,2,4,3,2,2,3,4,2,3,3,3,2,4,2,3,2,3,2,2,3,4,4,2,4,4,2,3,3,3,3,3,4,4,4,4,4,2,3,3,3,2,4,4,2,4,3,2,2,2,2,3,4,2,2,2,4,3,3,4,4,3,2,4,3,4,2,4,3,4,2,3,4,3,4,2,3,3,3,4,4,3,2,4,3,3,2,4,3,2,3,2,2,4,4,3,3,3,2,3,3,4,3,3,3,4,3,2,2,4,4,3,4,3,4,4,3,2,2,3,4,4,3,3,4,3,3,4,2,4,2,4,3,2,2,2,3,3,3,3,3,4,4,4,4,3,2,3,3,2,2,2,4,2,2,4,3,3,3,3,3,3,4,2,3,3,4,3,3,2,3,4,3,2,3,3,2,3,2,3,2,2,4,3,3,3,4,2,3,3,2,4,2,2,2,3,3,3,4,2,3,3,2,2,3,3,2,3,3,3,2,4,2,3,2,4,2,4,3,3,2,4,3,3,2,4,2,3,4,2,2,4,3,3,3,4,4,2,4,2,3,4,2,2,2,2,2,2,2,2,3,2,2,4,4,2,4,3,3,2,3,3,2,3,3,4,3,3,2,3,3,3,3,3,3,2,2,2,2,2,3,4,3,2,3,3,2,3,3,2,3,3,2,2,3,4,3,2,3,2,2,2,3,3,2,4,2,2,3,3,3,4,2,2,2,4,2,2,4,3,
746664,949617,746664,949617,949617,949617,746664,949617,746665,949617,949617,746665,746664,949617,949617,746664,949617,949617,746664,949617,949617,949617,949617,949617,949617,949617,949617,746664,949617,949617,949617,949617,746664,949617,949617,949617,746664,949617,949617,746664,949617,746664,949617,949617,949617,746664,949617,949617,949617,949617,949617,746664,746664,746665,746664,949617,746664,949617,949617,746664,949617,746664,949617,746664,949617,949617,746664,949617,949617,949617,949617,949617,949617,746665,949617,949617,746664,949617,746664,746664,949617,949617,949617,949617,746664,949617,949617,949617,746664,746664,949617,746664,949617,746664,949617,746664,949617,746664,746664,949617,949617,746664,949617,746664,949617,949617,746664,949617,746664,746665,949617,949617,746664,949617,949617,949617,949617,746664,949617,746664,746664,949617,746664,746665,746665,746664,949617,949617,949617,746664,746664,949617,949617,949617,949617,949617,949617,949617,746664,746664,746664,746664,949617,746664,949617,949617,949617,949617,949617,949617,949617,746664,949617,949617,949617,746664,949617,746664,949617,949617,746664,949617,949617,949617,949617,949617,949617,746664,949617,949617,746664,949617,949617,746664,949617,949617,949617,949617,746664,949617,949617,746664,746664,949617,949617,949617,949617,746664,949617,949617,746664,949617,949617,949617,949617,949617,949617,746664,746664,949617,949617,746664,746664,746664,746664,949617,949617,746664,949617,949617,949617,949617,949617,746664,949617,949617,746664,746664,949617,746664,746664,746664,746664,949617,746664,746664,949617,949617,949617,949617,949617,949617,746664,949617,949617,949617,949617,949617,949617,746664,746664,949617,949617,949617,949617,949617,746664,746664,746664,949617,746664,746664,746664,949617,949617,746664,746664,949617,746664,949617,949617,949617,949617,949617,949617,949617,949617,949617,949617,949617,746664,949617,949617,949617,949617,746664,949617,949617,949617,949617,949617,746664,949617,746664,746664,746664,949617,949617,949617,949617,949617,949617,746664,949617,949617,949617,746664,949617,949617,949617,949617,949617,949617,746664,949617,746664,949617,949617,949617,949617,949617,949617,746664,949617,949617,746664,949617,746664,949617,949617,746664,949617,949617,949617,949617,746664,949617,949617,746664,949617,949617,746664,949617,746664,949617,949617,949617,949617,746664,949617,949617,746664,949617,949617,949617,949617,746664,949617,949617,746664,949617,949617,746664,746664,949617,949617,746664,949617,949617,949617,949617,949617,949617,949617,949617,949617,949617,949617,949617,949617,949617,746664,949617,746664,949617,949617,746664,949617,949617,746664,949617,949617,949617,949617,746664,949617,949617,949617,949617,949617,746664,949617,949617,949617,746664,949617,746664,949617,746664,746664,949617,949617,949617,746664,949617,949617,949617,949617,746664,746664,949617,949617,746664,746664,949617,949617,949617,949617,949617,949617,949617,949617,949617,746664,949617,746664,746664,746664,949617,746664,746664,949617,746664,949617,746664,746664,949617,949617,746664,949617,949617,949617,746664,949617,746664,949617,949617,949617,949617,949617,949617,949617,746664,949617,949617,949617,949617,746664,949617,949617,949617,949617,949617,949617,746664,949617,746664,949617,949617,949617,949617,949617,949617,949617,949617,949617,949617,949617,949617,949617,949617,949617,949617,746664,949617,746664,949617,949617,949617,949617,949617,746664,949617,949617,949617,949617,949617,949617,949617,949617,746664,949617,746664,949617,949617,746664,949617,949617,949617,949617,949617,949617,949617,949617,949617,949617,746664,949617,949617,949617,949617,949617,949617,949617,949617,746664,949617,949617,949617,949617,949617,949617,746664,949617,949617,949617,949617,746664,746664,949617,746664,949617,746664,949617,949617,949617,949617,949617,746664,746664,949617,949617,746664,746664,746664,949617,949617,949617,949617,949617,949617,746664,949617,949617,949617,949617,949617,949617,949617,949617,949617,949617,949617,949617,746664,949617,746664,949617,746664,746664,746664,746664,746664,949617,949617,949617,746664,949617,746664,949617,949617,949617,949617,949617,949617,949617,746664,746664,746664,949617,949617,949617,949617,949617,949617,949617,949617,746664,949617,949617,949617,746664,949617,746664,949617,949617,949617,746664,746664,746664,746664,949617,949617,746664,949617,949617,949617,949617,746664,746664,949617,949617,949617,949617,949617,746664,949617,949617,949617,949617,949617,949617,746664,949617,949617,949617,949617,949617,949617,949617,746664,949617,746664,949617,949617,949617,949617,949617,949617,949617,949617,949617,949617,949617,949617,949617,949617,949617,949617,949617,746664,949617,949617,746664,949617,746664,949617,746664,949617,949617,949617,746664,949617,746664,949617,949617,949617,949617,949617,949617,949617,949617,949617,949617,949617,746664,746664,949617,949617,949617,949617,949617,746664,949617,746664,949617,949617,949617,949617,949617,949617,949617,949617,746664,949617,949617,746664,949617,949617,949617,746664,949617,746664,746664,746664,949617,949617,949617,949617,949617,949617,746664,746664,746664,949617,949617,949617,746664,949617,949617,746664,949617,949617,746664,949617,949617,949617,949617,949617,949617,949617,746664,949617,949617,746664,949617,746664,949617,949617,949617,746664,949617,949617,949617,746664,949617,949617,949617,949617,746664,746664,949617,949617,949617,949617,949617,949617,949617,746664,746664,949617,746664,949617,949617,746664,746664,746664,949617,746664,949617,949617,949617,949617,746664,949617,949617,746664,746664,949617,949617,949617,746664,949617,949617,949617,949617,949617,746664,949617,949617,949617,746664,949617,949617,949617,949617,949617,949617,949617,949617,746664,949617,949617,746664,949617,949617,949617,949617,746664,949617,746664,949617,949617,949617,746664,746664,746664,746664,949617,746664,746664,949617,746664,949617,949617,949617,949617,949617,746664,746664,746664,949617,949617,949617,949617,746664,949617,949617,949617,949617,949617,949617,949617,949617,949617,949617,949617,746664,746664,949617,746664,949617,949617,949617,949617,949617,746664,949617,949617,746664,949617,746664,949617,949617,949617,746664,949617,949617,949617,746664,746664,746664,949617,949617,949617,746664,746664,949617,746664,949617,949617,949617,949617,746664,949617,949617,949617,746664,746664,949617,746664,746664,746664,949617,949617,949617,949617,746664,949617,949617,949617,949617,949617,746664,949617,949617,949617,949617,949617,949617,949617,949617,949617,746664,746664,949617,949617,949617,949617,949617,949617,949617,949617,949617,746664,949617,949617,949617,949617,949617,949617,949617,746664,949617,949617,949617,746664,949617,949617,746664,949617,949617,949617,746664,949617,746664,949617,949617,949617,949617,746664,949617,949617,949617,746664,949617,949617,949617,949617,949617,949617,746664,949617,949617,746664,746664,949617,949617,746664,949617,949617,949617,746664,949617,746664,949617,746664,949617,746664,746664,949617,949617,949617,746664,949617,949617,746664,949617,949617,949617,949617,949617,949617,949617,949617,949617,949617,746664,949617,949617,949617,746664,949617,949617,746664,949617,949617,746664,746664,746664,746664,949617,949617,746664,746664,746664,949617,949617,949617,949617,949617,949617,746664,949617,949617,949617,949617,949617,949617,949617,746664,949617,949617,949617,949617,746664,949617,949617,949617,949617,949617,949617,949617,949617,949617,949617,746664,949617,949617,746664,949617,746664,746664,949617,949617,949617,949617,949617,746664,949617,949617,949617,949617,949617,949617,949617,949617,746664,746664,949617,949617,949617,949617,949617,949617,949617,949617,746664,746664,949617,949617,949617,949617,949617,949617,949617,949617,949617,746664,949617,746664,949617,949617,746664,746664,746664,949617,949617,949617,949617,949617,949617,949617,949617,949617,949617,746664,949617,949617,746664,746664,746664,949617,746664,746664,949617,949617,949617,949617,949617,949617,949617,949617,746664,949617,949617,949617,949617,949617,746664,949617,949617,949617,746664,949617,949617,746664,949617,746664,949617,949617,746664,949617,949617,949617,949617,949617,746664,949617,949617,746664,949617,746664,746664,746664,949617,949617,949617,949617,746664,949617,949617,746664,746664,949617,949617,746664,949617,949617,949617,949617,949617,746664,949617,746664,949617,746664,949617,949617,949617,746664,949617,949617,949617,746664,949617,746664,949617,949617,746664,949617,949617,949617,949617,949617,949617,949617,746664,949617,746664,949617,949617,746664,746664,746664,746664,746664,746664,746664,746664,949617,949617,746664,949617,949617,746664,949617,949617,949617,746664,949617,949617,746664,949617,949617,949617,949617,949617,746664,949617,949617,949617,949617,949617,949617,746664,746664,746664,746664,746664,949617,949617,949617,746664,949617,949617,746664,949617,949617,746664,949617,949617,746664,746664,949617,949617,949617,746664,949617,746664,746664,746664,949617,949617,746664,949617,746664,746664,949617,949617,949617,949617,949617,746664,746664,949617,949617,746664,949617,949617,

Day 3533
4,4,4,3,2,4,3,4,5,4,4,2,4,2,2,4,5,2,3,2,2,4,2,5,2,4,4,4,4,3,4,2,2,4,4,4,2,3,2,2,4,2,2,2,3,4,4,2,4,3,2,2,4,3,4,2,2,3,4,4,3,2,2,4,4,5,4,4,3,4,2,2,2,2,2,3,2,4,2,2,5,3,2,2,4,2,2,2,2,4,3,2,3,2,5,2,5,3,2,2,2,2,5,4,2,5,3,5,5,5,3,3,2,3,3,2,2,3,2,3,3,2,4,4,4,2,2,4,2,2,4,2,4,2,2,2,2,4,2,4,4,4,2,4,2,3,5,2,3,2,2,4,4,4,2,5,2,3,2,4,2,2,2,3,2,2,2,3,2,2,4,3,3,3,3,2,4,3,3,3,5,2,2,2,2,2,2,4,2,2,3,2,2,5,2,2,4,4,3,4,2,2,4,4,4,4,2,4,4,4,2,2,2,4,4,2,3,2,4,3,2,2,3,3,4,2,4,2,3,2,2,2,4,3,4,3,4,2,2,2,2,4,2,4,2,3,4,3,4,2,2,4,2,3,4,4,2,4,2,2,4,2,3,3,3,2,4,4,3,2,2,2,2,4,4,4,4,2,4,4,4,2,4,3,2,4,2,2,3,3,3,4,2,2,4,4,2,2,3,4,2,2,2,4,4,2,2,2,4,3,4,2,4,2,3,4,2,2,2,2,2,2,4,4,4,4,3,2,2,2,4,4,4,4,4,2,2,4,4,4,4,4,2,2,4,2,3,2,2,4,2,4,2,3,2,2,3,3,2,3,4,4,3,3,4,3,4,3,2,2,3,3,3,4,3,2,2,2,4,2,3,3,2,2,2,4,4,4,4,2,4,2,2,4,3,4,2,4,3,2,2,4,4,2,2,2,3,4,2,3,2,2,3,2,3,2,2,2,2,3,2,4,3,2,2,4,2,4,4,2,2,2,2,2,2,2,3,2,4,4,4,3,2,3,2,4,2,2,4,2,2,4,2,3,2,4,4,2,4,2,4,3,3,3,4,3,2,2,2,3,2,3,3,3,3,2,4,4,2,4,2,2,3,4,4,4,3,2,3,3,4,3,2,3,4,2,2,3,3,2,3,2,4,2,3,2,3,2,4,4,3,2,4,2,3,4,3,4,2,3,3,3,4,4,2,2,3,2,2,2,4,4,4,3,4,4,3,4,2,2,4,2,3,4,3,4,3,2,3,3,2,3,2,3,3,4,4,2,3,3,3,2,4,3,4,2,3,3,3,2,4,2,3,3,4,3,2,2,2,3,4,4,4,3,2,2,4,4,2,2,3,2,3,2,3,2,2,4,2,4,2,2,3,3,3,4,2,2,4,3,2,2,3,4,2,4,3,3,3,2,4,3,4,4,3,2,3,3,4,2,2,3,4,2,3,2,3,4,3,3,3,3,4,4,2,2,4,2,4,3,3,3,4,3,4,4,3,2,3,4,2,3,4,2,4,4,3,4,3,3,3,3,4,2,3,4,3,3,2,2,2,4,2,3,2,2,3,2,3,3,3,3,2,3,2,3,3,2,4,2,3,4,3,4,4,3,3,3,4,2,3,2,2,2,2,3,4,2,2,3,4,2,2,3,2,4,4,3,3,3,3,4,4,3,2,3,4,2,3,3,2,4,2,3,2,3,2,3,3,3,4,3,4,4,2,2,3,2,3,3,3,4,3,3,3,4,2,3,2,2,4,3,4,2,3,3,3,3,2,3,4,4,3,3,2,4,4,4,2,2,3,4,4,2,3,4,4,2,3,3,2,4,2,4,2,3,3,3,3,3,3,3,2,2,3,3,3,3,3,3,2,2,3,2,4,3,2,3,3,3,4,2,2,4,4,3,3,3,3,3,2,4,3,3,3,2,3,4,2,2,4,3,3,2,3,2,2,4,3,4,3,3,3,4,3,3,4,2,4,3,2,2,3,3,3,2,3,3,2,2,3,3,2,2,3,3,4,3,3,3,3,2,3,3,2,3,2,3,3,3,2,4,3,2,4,2,4,3,2,2,2,4,4,2,3,2,3,2,2,3,3,4,3,2,3,3,2,3,3,3,2,3,4,3,3,2,3,2,3,3,3,3,2,2,3,4,3,2,3,2,2,2,4,3,2,3,2,2,2,3,2,3,2,2,4,2,2,3,4,2,4,3,2,3,3,3,2,2,2,2,2,2,3,2,4,3,3,4,3,3,3,2,3,3,2,2,2,2,2,3,3,3,2,2,3,3,2,2,3,4,3,3,3,3,3,2,2,4,3,2,3,3,3,3,3,2,2,3,2,3,2,3,3,2,2,2,3,2,3,4,3,3,2,2,2,3,2,2,3,3,4,3,3,4,3,2,3,3,3,3,2,2,3,3,3,4,2,2,3,2,3,2,3,2,4,4,3,2,2,2,2,3,3,3,3,2,3,2,2,3,3,3,3,3,3,3,3,3,2,2,2,3,3,2,2,2,3,2,3,3,2,4,2,3,3,2,2,4,2,2,2,3,3,2,2,3,3,2,2,3,3,3,3,3,3,3,3,3,2,3,2,3,3,3,3,3,2,2,2,2,2,3,2,3,2,3,2,4,4,3,3,3,2,2,3,3,4,3,2,2,3,3,2,3,2,2,3,3,3,3,2,3,3,3,3,3,3,3,3,2,2,3,2,2,3,3,2,3,4,3,3,3,2,2,2,2,2,3,3,2,3,3,3,3,2,3,2,2,3,2,3,2,3,2,2,3,3,2,2,3,3,2,2,2,2,3,3,2,4,3,2,3,2,2,2,3,3,2,3,3,2,2,2,3,3,2,3,3,3,3,3,3,2,2,2,2,3,3,2,2,3,2,3,3,3,3,2,2,3,2,3,3,3,3,3,3,3,3,2,2,3,3,3,3,3,2,2,2,3,3,3,2,3,3,3,2,3,3,3,3,3,3,2,3,2,2,3,3,3,3,3,3,3,2,2,2,2,2,3,3,3,3,3,2,3,2,2,3,3,3,2,3,3,3,3,3,3,3,3,3,3,2,3,3,3,3,2,2,2,3,3,3,3,3,2,3,3,3,2,2,2,3,2,2,3,3,3,3,2,3,2,3,3,2,3,3,3,3,2,2,2,3,2,2,2,3,3,3,3,3,3,2,3,3,2,2,3,2,3,3,2,2,3,3,2,3,3,2,3,2,3,2,2,3,3,2,2,2,3,2,3,3,2,2,2,3,3,3,3,3,2,3,2,2,3,3,3,3,3,3,2,2,3,3,3,3,3,3,2,3,3,3,3,2,3,2,3,2,2,2,2,3,2,2,3,3,3,3,3,3,3,2,2,3,3,2,2,3,3,3,2,2,3,3,3,2,2,3,3,3,2,2,3,2,3,3,2,2,2,2,2,2,2,2,3,3,2,2,3,3,3,3,3,3,2,3,2,3,3,3,3,2,2,2,2,2,3,2,3,3,3,3,3,2,3,3,3,2,3,2,2,2,2,2,3,3,2,3,2,3,2,3,3,3,3,2,2,2,2,3,3,2,3,2,2,3,3,2,2,3,3,2,2,3,2,2,3,3,3,3,2,3,2,2,3,3,2,3,3,2,3,2,2,2,3,2,2,2,3,2,2,2,2,2,3,2,3,2,2,3,3,2,2,2,2,2,2,3,3,3,2,3,2,2,2,3,2,3,2,3,3,3,3,3,2,2,3,2,2,2,3,3,3,3,3,2,3,3,2,2,2,2,3,2,3,3,3,2,2,3,3,2,3,2,2,3,2,3,3,3,2,3,3,3,2,3,3,2,3,3,2,2,2,2,2,2,2,3,3,2,3,2,3,2,3,2,2,3,3,3,2,2,2,2,2,2,3,3,3,2,2,3,3,3,3,2,2,3,3,2,2,2,3,2,3,3,2,3,3,3,3,3,2,2,2,3,2,2,3,2,2,3,2,3,2,2,2,2,3,3,2,2,3,2,2,2,3,2,3,2,3,3,3,2,2,3,2,3,2,3,2,3,3,3,3,2,2,3,2,2,2,3,3,2,3,3,2,2,2,3,3,3,3,3,3,3,2,2,2,3,3,3,2,2,2,3,2,2,3,2,2,3,3,3,2,3,3,2,3,3,2,2,2,2,3,2,3,2,2,2,2,2,3,3,2,2,2,2,2,2,2,2,3,3,2,2,3,2,2,2,3,2,3,2,3,3,3,2,3,3,2,2,2,3,3,3,3,2,3,3,2,3,3,2,2,3,2,2,2,3,3,2,3,2,2,3,2,2,2,3,2,2,2,2,2,3,2,2,2,2,3,2,3,2,2,2,2,2,3,2,2,2,2,2,2,2,3,2,2,3,2,2,3,2,2,2,2,3,3,2,2,2,2,2,2,3,2,2,2,2,2,3,3,2,
949617,949617,949617,949617,746664,949617,949617,949617,949617,949617,949617,746664,949617,949617,746664,949617,949617,746664,949617,949617,746664,949617,949617,949617,746664,949617,949617,949617,949617,949617,949617,746664,746664,949617,949617,949617,746664,949617,746664,746664,949617,746664,746664,746664,949617,949617,949617,949617,949617,949617,746664,949617,949617,949617,949617,746664,746664,949617,949617,949617,949617,746664,746664,949617,949617,949617,949617,949617,949617,949617,746664,949617,746664,746664,746664,949617,746664,949617,949617,746664,949617,949617,746664,949617,949617,949617,949617,746664,746664,949617,949617,949617,949617,746664,949617,949617,949617,949617,746664,746664,746664,746664,949617,949617,746664,949617,949617,949617,949617,949617,949617,949617,746664,949617,949617,949617,746664,949617,746664,949617,949617,746664,949617,949617,949617,949617,746664,949617,746664,746664,949617,746664,949617,746664,949617,746664,746664,949617,746664,949617,949617,949617,949617,949617,746664,949617,949617,746664,949617,746664,746664,949617,949617,949617,949617,949617,949617,949617,746664,949617,746664,746664,746664,949617,746664,746664,746664,949617,746664,746664,949617,949617,949617,949617,949617,746664,949617,949617,949617,949617,949617,746664,949617,746664,746664,746664,746664,949617,746664,746664,949617,746664,746664,949617,746664,746664,949617,949617,949617,949617,746664,949617,949617,949617,949617,949617,746664,949617,949617,949617,949617,746664,746664,949617,949617,746664,949617,746664,949617,949617,746664,746664,949617,949617,949617,746664,949617,746664,949617,949617,746664,746664,949617,949617,949617,949617,949617,746664,746664,949617,746664,949617,949617,949617,746664,949617,949617,949617,949617,746664,746664,949617,746664,949617,949617,949617,746664,949617,746664,746664,949617,746664,949617,949617,949617,746664,949617,949617,949617,746664,949617,746664,746664,949617,949617,949617,949617,746664,949617,949617,949617,746664,949617,949617,746664,949617,746664,746664,949617,949617,949617,949617,746664,746664,949617,949617,746664,746664,949617,949617,949617,949617,746664,949617,949617,746664,746664,746664,949617,949617,949617,949617,949617,746664,949617,949617,949617,746664,949617,746664,746664,746664,949617,949617,949617,949617,949617,746664,949617,746664,949617,949617,949617,949617,949617,746664,746664,949617,949617,949617,949617,949617,746664,746664,949617,746664,949617,746664,949617,949617,746664,949617,746664,949617,746664,746664,949617,949617,746664,949617,949617,949617,949617,949617,949617,949617,949617,949617,746664,949617,949617,949617,949617,949617,949617,746664,746664,746664,949617,746664,949617,949617,746664,746664,746664,949617,949617,949617,949617,746664,949617,746664,746664,949617,949617,949617,746664,949617,949617,746664,746664,949617,949617,746664,746664,746664,949617,949617,746664,949617,746664,746664,949617,949617,949617,746664,746664,746664,746664,949617,746664,949617,949617,949617,746664,949617,746664,949617,949617,746664,746664,949617,949617,949617,746664,746664,949617,746664,949617,949617,949617,949617,746664,949617,746664,949617,746664,746664,949617,746664,746664,949617,746664,949617,746664,949617,949617,746664,949617,746664,949617,949617,949617,949617,949617,949617,746664,746664,746664,949617,746664,949617,949617,949617,949617,746664,949617,949617,746664,949617,746664,746664,949617,949617,949617,949617,949617,746664,949617,949617,949617,949617,746664,949617,949617,746664,746664,949617,949617,746664,949617,746664,949617,746664,949617,949617,949617,746664,949617,949617,949617,746664,949617,746664,949617,949617,949617,949617,746664,949617,949617,949617,949617,949617,746664,949617,949617,746664,746664,746664,949617,949617,949617,949617,949617,949617,949617,949617,949617,746664,949617,949617,949617,949617,949617,949617,949617,746664,949617,949617,746664,949617,746664,949617,949617,949617,949617,746664,949617,949617,949617,746664,949617,949617,949617,746664,949617,949617,949617,746664,949617,746664,949617,949617,949617,949617,746664,746664,746664,949617,949617,949617,949617,949617,746664,746664,949617,949617,746664,746664,949617,746664,949617,746664,949617,746664,746664,949617,746664,949617,746664,746664,949617,949617,949617,949617,746664,746664,949617,949617,746664,746664,949617,949617,746664,949617,949617,949617,949617,746664,949617,949617,949617,949617,949617,746664,949617,949617,949617,746664,746664,949617,949617,949617,949617,746664,949617,949617,949617,949617,949617,949617,949617,949617,746664,746664,949617,746664,949617,949617,949617,949617,949617,949617,949617,949617,949617,746664,949617,949617,746664,949617,949617,746664,949617,949617,949617,949617,949617,949617,949617,949617,949617,746664,949617,949617,949617,949617,746664,746664,746664,949617,746664,949617,746664,746664,949617,746664,949617,949617,949617,949617,746664,949617,746664,949617,949617,746664,949617,746664,949617,949617,949617,949617,949617,949617,949617,949617,949617,746664,949617,746664,746664,746664,746664,949617,949617,746664,746664,949617,949617,746664,746664,949617,746664,949617,949617,949617,949617,949617,949617,949617,949617,949617,746664,949617,949617,746664,949617,949617,746664,949617,746664,949617,746664,949617,746664,949617,949617,949617,949617,949617,949617,949617,746664,949617,949617,746664,949617,949617,949617,949617,949617,949617,949617,949617,746664,949617,746664,746664,949617,949617,949617,746664,949617,949617,949617,949617,746664,949617,949617,949617,949617,949617,746664,949617,949617,949617,746664,746664,949617,949617,949617,746664,949617,949617,949617,746664,949617,949617,746664,949617,746664,949617,746664,949617,949617,949617,949617,949617,949617,949617,746664,746664,949617,949617,949617,949617,949617,949617,746664,746664,949617,746664,949617,949617,746664,949617,949617,949617,949617,746664,746664,949617,949617,949617,949617,949617,949617,949617,746664,949617,949617,949617,949617,746664,949617,949617,746664,746664,949617,949617,949617,746664,949617,746664,746664,949617,949617,949617,949617,949617,949617,949617,949617,949617,949617,746664,949617,949617,746664,746664,949617,949617,949617,746664,949617,949617,746664,746664,949617,949617,746664,746664,949617,949617,949617,949617,949617,949617,949617,746664,949617,949617,746664,949617,746664,949617,949617,949617,746664,949617,949617,949617,949617,746664,949617,949617,746664,949617,746664,949617,949617,746664,949617,746664,949617,746664,746664,949617,949617,949617,949617,746664,949617,949617,746664,949617,949617,949617,746664,949617,949617,949617,949617,746664,949617,746664,949617,949617,949617,949617,746664,746664,949617,949617,949617,746664,949617,746664,746664,746664,949617,949617,746664,949617,746664,746664,746664,949617,746664,949617,746664,746664,949617,746664,746664,949617,949617,746664,949617,949617,746664,949617,949617,949617,746664,746664,746664,746664,746664,746664,949617,746664,949617,949617,949617,949617,949617,949617,949617,746664,949617,949617,746664,746664,746664,746664,746664,949617,949617,949617,746664,746664,949617,949617,746664,746664,949617,949617,949617,949617,949617,949617,949617,746664,746664,949617,949617,746664,949617,949617,949617,949617,949617,746664,746664,949617,746664,949617,746664,949617,949617,746664,746664,746664,949617,746664,949617,949617,949617,949617,746664,746664,746664,949617,746664,746664,949617,949617,949617,949617,949617,949617,949617,746664,949617,949617,949617,949617,746664,746664,949617,949617,949617,949617,746664,746664,949617,746664,949617,746664,949617,746664,949617,949617,949617,746664,746664,746664,746664,949617,949617,949617,949617,746664,949617,746664,746664,949617,949617,949617,949617,949617,949617,949617,949617,949617,746664,746664,746664,949617,949617,746664,746664,746664,949617,746664,949617,949617,746664,949617,949617,949617,949617,746664,746664,949617,949617,746664,949617,949617,949617,746664,746664,949617,949617,949617,746664,949617,949617,949617,949617,949617,949617,949617,949617,949617,746664,949617,746664,949617,949617,949617,949617,949617,746664,746664,746664,746664,746664,949617,746664,949617,746664,949617,746664,949617,949617,949617,949617,949617,746664,746664,949617,949617,949617,949617,746664,746664,949617,949617,746664,949617,746664,746664,949617,949617,949617,949617,746664,949617,949617,949617,949617,949617,949617,949617,949617,746664,746664,949617,746664,746664,949617,949617,746664,949617,949617,949617,949617,949617,746664,746664,746664,746664,746664,949617,949617,746664,949617,949617,949617,949617,746664,949617,746664,746664,949617,746664,949617,746664,949617,746664,746664,949617,949617,746664,746664,949617,949617,746664,746664,746664,746664,949617,949617,746664,949617,949617,746664,949617,746664,746664,746664,949617,949617,746664,949617,949617,949617,746664,746664,949617,949617,746664,949617,949617,949617,949617,949617,949617,746664,746664,746664,746664,949617,949617,746664,949617,949617,746664,949617,949617,949617,949617,746664,949617,949617,746664,949617,949617,949617,949617,949617,949617,949617,949617,949617,746664,949617,949617,949617,949617,949617,746664,746664,746664,949617,949617,949617,949617,949617,949617,949617,746664,949617,949617,949617,949617,949617,949617,746664,949617,746664,949617,949617,949617,949617,949617,949617,949617,949617,746664,746664,746664,746664,746664,949617,949617,949617,949617,949617,746664,949617,746664,949617,949617,949617,949617,949617,949617,949617,949617,949617,949617,949617,949617,949617,949617,949617,949617,949617,949617,949617,949617,746664,949617,746664,949617,949617,949617,949617,949617,746664,949617,949617,949617,746664,746664,949617,949617,746664,949617,949617,949617,949617,949617,746664,949617,746664,949617,949617,746664,949617,949617,949617,949617,746664,746664,746664,949617,746664,746664,746664,949617,949617,949617,949617,949617,949617,746664,949617,949617,746664,949617,949617,949617,949617,949617,746664,746664,949617,949617,746664,949617,949617,746664,949617,949617,949617,949617,746664,949617,949617,949617,746664,949617,949617,746664,949617,949617,746664,746664,746664,949617,949617,949617,949617,949617,949617,949617,746664,746664,949617,949617,949617,949617,949617,949617,746664,746664,949617,949617,949617,949617,949617,949617,746664,949617,949617,949617,949617,949617,949617,746664,949617,746664,949617,746664,746664,949617,746664,746664,949617,949617,949617,949617,949617,949617,949617,746664,949617,949617,949617,949617,746664,949617,949617,949617,746664,746664,949617,949617,949617,746664,949617,949617,949617,949617,746664,746664,949617,746664,949617,949617,949617,949617,949617,746664,746664,949617,746664,746664,949617,949617,949617,949617,949617,949617,949617,949617,949617,949617,746664,949617,746664,949617,949617,949617,949617,746664,949617,949617,949617,746664,949617,746664,949617,949617,949617,949617,949617,746664,949617,949617,949617,746664,949617,746664,949617,746664,746664,949617,949617,949617,746664,949617,746664,949617,746664,949617,949617,949617,949617,746664,746664,746664,746664,949617,949617,949617,949617,949617,746664,949617,949617,746664,746664,949617,949617,746664,746664,949617,949617,746664,949617,949617,949617,949617,746664,949617,949617,746664,949617,949617,746664,949617,949617,949617,949617,949617,746664,746664,949617,746664,746664,746664,949617,949617,949617,746664,746664,746664,949617,746664,949617,949617,746664,949617,949617,746664,746664,746664,746664,949617,746664,949617,949617,949617,746664,949617,746664,949617,746664,949617,949617,949617,746664,949617,949617,949617,949617,949617,746664,746664,949617,949617,746664,746664,949617,949617,949617,949617,949617,949617,949617,949617,949617,746664,949617,746664,949617,949617,949617,949617,949617,746664,746664,949617,949617,949617,949617,949617,746664,949617,949617,949617,949617,949617,949617,949617,949617,949617,746664,949617,949617,746664,949617,949617,746664,746664,746664,746664,746664,746664,949617,949617,949617,746664,949617,949617,949617,746664,949617,949617,746664,949617,949617,949617,746664,949617,746664,746664,949617,949617,949617,949617,949617,949617,949617,949617,949617,949617,949617,746664,949617,949617,949617,746664,746664,949617,949617,949617,949617,949617,746664,949617,949617,949617,949617,949617,746664,949617,746664,949617,746664,949617,949617,746664,949617,949617,949617,949617,949617,746664,949617,949617,949617,949617,746664,949617,949617,949617,949617,949617,949617,746664,949617,746664,949617,949617,949617,949617,746664,949617,746664,949617,746664,949617,949617,949617,949617,949617,949617,746664,949617,949617,746664,949617,746664,949617,949617,746664,949617,949617,949617,746664,949617,949617,949617,949617,949617,949617,949617,949617,746664,949617,949617,949617,949617,949617,949617,949617,746664,949617,949617,949617,949617,746664,949617,949617,949617,949617,746664,949617,949617,746664,949617,949617,949617,949617,949617,746664,949617,949617,949617,746664,949617,746664,746664,746664,949617,949617,746664,746664,949617,746664,746664,949617,949617,746664,949617,949617,746664,949617,949617,746664,746664,949617,949617,949617,949617,746664,949617,949617,949617,949617,949617,949617,949617,746664,949617,949617,949617,949617,949617,746664,949617,949617,746664,949617,949617,949617,949617,949617,949617,949617,949617,949617,949617,746664,949617,746664,949617,949617,949617,746664,949617,949617,949617,949617,746664,746664,746664,949617,746664,746664,949617,949617,949617,746664,949617,949617,746664,949617,949617,746664,949617,949617,746664,949617,949617,949617,746664,949617,949617,949617,746664,949617,746664,746664,949617,746664,746664,746664,746664,949617,949617,746664,949617,746664,746664,949617,746664,949617,746664,949617,949617,949617,746664,949617,949617,746664,

Day 3534
3,3,2,2,3,2,2,4,2,2,2,2,3,2,2,2,2,4,3,4,4,2,3,3,2,3,3,2,2,2,2,4,2,4,2,2,2,2,4,3,2,2,3,2,3,3,2,2,2,3,3,4,2,3,4,2,2,3,2,3,2,3,3,3,2,2,2,2,4,3,2,3,2,4,3,2,3,2,2,2,4,3,2,2,3,2,2,2,2,4,3,3,3,3,3,3,2,3,3,3,2,3,2,3,2,3,3,3,2,2,2,2,2,2,3,3,4,2,2,2,4,3,2,3,2,2,2,2,3,2,2,2,2,3,3,3,4,2,3,2,3,2,2,3,2,3,3,2,3,2,3,4,2,2,2,3,4,3,3,2,4,2,3,3,2,2,2,3,3,2,3,2,3,2,2,2,3,2,2,3,3,2,2,2,2,2,2,3,2,3,4,3,4,2,2,2,2,3,3,3,2,2,3,2,4,3,2,3,2,3,4,2,2,3,2,2,3,3,2,4,2,4,2,2,2,2,2,2,2,3,2,3,3,3,2,2,3,3,2,3,3,2,4,3,2,2,2,2,2,3,2,2,2,2,3,3,3,4,3,2,2,2,3,3,3,2,3,2,2,3,2,3,2,4,3,3,2,3,4,2,3,2,3,2,3,3,3,3,3,2,2,2,3,4,3,3,3,2,2,2,3,2,3,2,2,3,3,2,4,3,2,2,2,2,3,3,2,3,2,3,3,2,3,3,2,2,2,2,4,2,2,3,3,3,2,3,3,3,3,2,3,3,2,2,3,2,4,4,3,2,3,2,3,2,3,3,3,2,2,2,3,3,2,3,2,2,2,2,4,3,4,3,2,2,3,2,3,3,3,2,2,3,2,3,2,2,3,3,3,2,3,2,3,3,2,3,3,2,2,2,2,3,3,3,3,3,2,2,3,3,3,2,2,3,3,2,2,2,2,3,3,2,2,3,3,2,3,2,2,2,3,2,3,3,2,3,2,3,2,3,3,4,3,2,3,2,4,2,2,3,3,2,2,3,2,3,2,2,3,3,3,3,3,2,3,3,2,3,3,3,2,3,2,3,3,3,2,3,3,3,3,3,3,4,2,3,2,3,3,2,2,3,3,2,3,2,3,2,2,3,3,3,2,3,3,2,3,2,2,3,2,2,3,3,2,2,4,2,2,2,3,2,3,3,3,3,3,3,2,2,2,3,3,3,3,2,2,3,3,3,3,2,3,3,2,2,3,3,3,2,3,3,2,3,3,3,2,3,3,3,2,3,4,3,3,3,3,3,3,2,2,2,2,3,3,3,2,2,3,2,2,2,3,2,2,3,3,2,2,3,3,3,2,3,3,2,3,2,3,3,2,2,2,3,2,2,3,2,3,2,2,3,3,2,2,3,3,3,3,3,3,3,3,2,3,3,3,2,3,2,3,2,2,2,2,2,2,3,3,2,3,3,3,3,2,3,3,3,3,3,3,3,3,2,3,3,2,3,2,3,3,3,3,3,2,2,3,2,3,2,3,3,2,2,2,3,2,2,3,3,2,2,2,3,3,3,2,2,3,2,3,2,3,3,3,3,2,3,2,3,2,3,3,3,3,3,3,3,3,3,2,3,3,3,3,2,3,3,3,2,3,2,3,2,3,2,3,3,2,3,2,2,3,3,2,3,3,2,2,3,2,3,3,3,3,3,2,2,3,3,3,2,3,2,2,3,3,2,2,3,2,3,2,3,3,3,2,3,2,3,3,2,3,3,2,3,3,2,2,3,3,3,3,2,3,2,3,3,3,2,2,2,3,2,3,2,3,2,2,3,2,2,3,3,3,2,3,2,2,2,3,3,3,3,3,2,3,3,2,3,2,2,2,2,3,3,3,3,3,2,3,2,2,2,2,2,2,3,2,2,3,3,3,2,2,3,3,3,3,2,3,3,2,2,2,2,3,2,3,3,2,2,2,2,3,3,3,2,3,2,2,2,2,3,3,2,3,2,3,3,3,3,2,3,3,3,2,2,2,3,3,2,2,3,2,3,2,2,2,2,2,2,3,3,2,3,2,3,2,2,2,2,2,2,3,3,3,2,3,2,3,2,2,2,3,3,2,2,2,3,2,2,2,3,3,3,2,2,2,2,2,2,3,3,3,3,3,2,2,2,2,3,3,2,3,2,2,3,3,2,2,2,3,2,2,2,3,2,2,3,2,3,2,2,2,3,3,3,2,2,3,2,2,3,2,2,3,3,3,3,3,3,2,2,2,2,2,2,2,2,2,2,3,2,2,2,2,3,3,3,3,3,2,2,3,3,3,2,2,2,2,3,2,2,2,3,3,3,2,2,3,2,3,3,2,3,3,2,2,2,2,3,2,2,2,3,2,2,2,3,3,2,2,3,2,2,3,3,3,2,2,2,3,2,3,3,3,3,2,3,3,3,2,2,3,2,3,2,3,2,2,2,3,2,2,3,3,3,3,2,2,3,2,2,3,3,3,2,3,2,2,3,3,2,3,3,3,3,3,3,2,2,3,3,3,2,2,2,2,2,2,3,2,3,2,2,3,3,3,2,2,3,3,3,2,2,3,2,2,2,3,2,2,3,3,2,3,2,2,2,2,2,3,2,3,3,3,2,2,3,2,3,2,2,2,2,3,2,2,2,2,2,2,3,2,3,3,2,3,2,3,3,2,2,2,3,3,3,3,2,3,2,3,2,3,3,2,2,2,3,2,2,3,2,3,3,2,2,2,3,3,3,2,2,2,3,3,2,3,3,3,2,3,3,3,2,3,3,2,2,2,2,3,3,3,3,2,2,2,2,2,2,2,2,2,2,3,2,3,3,2,2,3,2,3,3,3,2,2,2,3,2,3,3,2,2,3,2,2,2,3,2,2,3,2,2,3,3,3,3,2,2,2,2,3,3,2,3,2,3,2,2,3,2,3,3,3,2,3,2,2,2,2,3,3,2,3,2,2,2,3,2,2,3,2,2,2,3,2,3,2,2,2,2,2,2,2,2,2,2,2,2,2,2,2,2,3,2,3,2,2,2,3,3,2,3,2,2,3,2,2,2,2,2,2,2,3,3,2,3,3,2,2,2,3,3,2,3,3,2,2,2,2,2,2,3,2,2,2,3,2,3,3,2,2,2,3,2,2,2,2,2,3,2,2,2,2,2,3,3,3,2,2,2,3,2,3,3,2,3,2,2,2,3,2,2,3,2,2,2,3,2,3,2,3,3,2,2,2,2,2,2,2,3,3,2,3,2,3,2,2,2,2,2,2,3,2,3,2,3,2,2,3,2,3,3,2,3,2,2,3,2,2,3,2,3,2,2,3,2,2,3,3,2,2,3,2,2,3,2,3,3,2,2,2,2,2,2,2,2,2,2,2,2,3,2,2,2,3,2,2,2,3,3,2,2,2,3,2,2,2,3,2,2,3,2,2,3,2,2,3,3,2,2,3,3,2,2,2,2,2,2,2,2,2,3,2,3,3,2,3,3,3,2,2,2,2,2,2,2,2,2,2,2,3,3,2,3,2,3,2,2,2,3,2,2,2,3,2,3,2,2,2,2,2,2,3,2,2,3,3,2,3,2,2,2,2,2,2,2,3,2,2,2,3,2,2,2,2,2,2,3,2,2,2,2,3,2,3,2,3,2,2,2,2,2,2,2,2,2,3,3,2,2,2,2,2,2,2,3,3,2,2,3,2,2,2,3,2,2,3,2,3,3,2,2,2,2,2,2,2,2,3,2,2,2,2,2,3,3,2,2,2,2,2,2,2,3,2,2,2,3,2,2,2,2,2,2,2,2,2,2,2,2,2,2,2,2,2,2,2,2,2,2,2,2,2,2,2,2,2,2,2,2,2,2,2,2,2,2,2,2,3,2,2,2,2,2,2,2,3,3,2,3,2,2,3,2,2,3,2,3,3,3,2,2,2,2,3,3,2,2,2,3,2,3,2,2,2,2,2,2,2,2,2,2,3,3,3,3,2,3,2,2,2,3,2,2,3,2,2,2,2,2,2,2,3,2,2,3,3,2,2,2,2,2,2,2,3,3,2,2,2,2,3,2,2,3,2,2,2,2,2,3,2,2,2,2,2,3,2,2,2,3,3,3,3,2,2,2,2,2,2,2,2,2,2,2,3,2,2,2,2,2,2,3,2,2,2,2,3,2,2,2,2,2,2,2,2,3,2,2,3,2,2,2,2,2,2,2,2,2,2,3,2,2,2,2,2,2,2,3,2,2,2,2,2,2,2,2,2,2,3,2,2,2,2,2,3,3,2,2,3,2,2,2,2,2,3,3,3,2,3,2,3,2,2,2,2,2,3,2,2,3,2,2,3,2,2,3,2,2,2,2,2,3,2,3,3,2,2,2,2,3,2,2,2,3,2,2,2,2,2,2,2,2,3,2,2,3,3,2,2,2,2,3,2,3,3,3,2,2,2,2,3,2,3,2,3,2,3,2,3,2,3,2,2,2,2,2,2,2,2,2,2,2,2,2,2,2,2,3,2,2,2,2,3,2,2,2,3,2,2,2,2,2,2,2,2,2,2,2,2,3,2,3,2,2,3,2,2,3,2,2,2,2,2,2,2,2,2,2,2,2,2,2,2,3,2,2,2,2,2,2,2,2,2,2,2,3,2,2,3,2,3,2,2,2,2,2,2,2,2,2,2,2,2,2,2,2,3,2,2,2,2,2,2,2,2,3,2,3,3,2,2,3,2,2,2,2,2,2,3,2,2,2,2,2,2,2,2,2,2,2,2,2,2,2,2,3,2,2,2,2,2,2,2,2,2,3,2,2,3,2,2,2,2,2,2,2,3,2,2,2,2,2,2,2,2,3,2,2,2,2,2,2,2,2,2,3,2,2,2,2,2,3,3,2,2,2,2,2,2,3,3,3,2,3,2,2,2,2,2,2,2,2,2,3,2,2,2,2,3,2,3,2,2,2,2,2,2,2,2,2,2,2,3,2,2,2,2,2,2,2,2,2,2,2,2,3,2,2,2,2,2,2,2,2,2,2,2,2,2,2,2,2,2,2,2,2,2,2,2,2,3,2,2,2,2,2,2,2,2,2,2,2,2,2,2,2,2,2,2,2,3,2,2,3,2,2,2,2,2,3,2,2,2,2,2,2,2,2,2,2,2,2,2,2,2,2,2,2,2,2,2,2,2,2,2,2,2,2,2,2,2,2,2,2,2,2,3,2,2,2,2,2,2,2,2,2,2,2,2,2,2,2,3,2,2,2,2,2,2,2,2,2,2,2,2,2,2,2,3,2,2,2,2,2,2,2,2,2,2,2,2,2,2,3,2,2,2,2,2,2,2,2,2,2,2,2,2,2,2,2,2,2,2,2,2,2,2,2,2,2,2,3,2,2,2,2,2,2,2,2,2,2,2,2,2,2,2,2,2,2,2,2,2,2,2,2,2,2,2,2,2,2,2,2,2,2,2,2,2,2,2,2,2,2,2,2,2,2,2,2,2,2,2,2,2,2,2,2,3,2,2,2,2,2,3,2,2,2,2,2,2,3,2,2,2,2,2,2,2,2,2,2,2,2,2,2,2,2,2,2,2,2,2,2,2,2,2,2,2,2,2,2,2,2,2,2,2,2,2,2,2,2,2,2,2,2,2,2,2,2,2,2,2,2,2,2,2,2,2,2,2,2,2,2,2,2,2,2,2,2,2,2,2,2,2,2,2,2,2,2,2,2,2,2,2,2,2,2,2,2,2,2,2,2,2,2,2,2,2,2,2,2,2,2,2,2,2,2,2,2,2,2,2,2,2,2,2,2,2,2,2,2,2,2,2,2,2,2,2,2,2,2,2,2,2,2,2,2,2,2,2,2,2,2,2,2,2,2,2,2,2,2,2,2,2,2,2,2,2,2,2,2,2,2,2,2,2,2,2,2,2,2,2,2,2,2,2,2,2,2,2,2,2,2,2,2,2,2,2,2,2,2,2,2,2,2,2,2,2,2,2,2,2,2,2,2,2,2,2,2,2,2,2,2,2,2,2,2,2,2,2,2,2,2,2,2,2,2,2,2,2,2,2,2,2,2,2,2,2,2,2,2,2,2,2,2,2,2,2,2,2,2,2,2,2,2,2,2,2,2,2,2,2,2,2,2,2,2,2,2,2,2,2,2,2,2,2,2,2,2,2,2,2,2,2,2,2,2,2,2,2,2,2,2,2,2,2,2,2,2,2,2,2,2,2,2,2,2,2,2,2,2,2,2,2,2,2,2,2,2,2,2,2,2,2,2,2,2,2,2,2,2,2,2,2,2,2,2,2,2,2,2,2,2,2,2,2,2,2,2,2,2,2,2,2,2,2,2,2,2,2,2,2,2,2,2,2,2,2,2,2,2,2,2,2,2,2,2,2,2,2,2,2,2,2,2,2,2,2,2,2,2,2,2,2,2,2,2,2,2,2,2,2,2,2,2,2,2,2,2,2,2,2,2,2,2,2,2,2,2,2,2,2,2,2,2,2,2,2,2,2,2,2,2,2,2,2,2,2,2,2,2,2,2,2,2,2,2,2,2,2,2,2,2,2,2,2,2,2,2,2,2,2,2,2,2,2,2,2,2,2,2,2,2,2,2,2,2,2,2,2,2,2,2,2,2,2,2,2,2,2,2,2,2,2,2,2,2,2,2,2,2,2,2,2,2,2,2,2,2,2,2,2,2,2,2,2,2,2,2,2,2,2,2,2,2,2,2,2,2,2,2,2,2,2,2,2,2,2,2,2,2,2,2,2,2,2,2,2,2,2,2,2,2,2,2,2,2,2,2,2,2,2,2,2,2,2,2,2,2,2,2,2,2,2,2,2,2,2,2,2,2,2,2,2,2,2,2,2,2,2,2,2,2,2,2,2,2,2,2,2,2,2,2,2,2,2,2,2,2,2,2,2,2,2,2,2,2,2,2,2,2,2,2,2,2,2,2,2,2,2,2,2,2,2,2,2,2,2,2,2,2,2,2,2,2,2,2,2,2,2,2,2,2,2,2,2,2,2,2,2,2,2,2,2,2,2,2,2,2,2,2,2,2,2,2,2,2,2,2,2,2,2,2,2,2,2,2,2,2,2,2,2,2,2,2,2,2,2,2,2,2,2,2,2,2,2,2,2,2,2,2,2,2,2,2,2,2,2,2,2,2,2,2,2,2,2,2,2,2,2,2,2,2,2,2,2,2,2,2,2,2,2,2,2,2,2,2,2,2,2,2,2,2,2,2,2,2,2,2,2,2,2,2,2,2,2,2,2,2,2,2,2,2,2,2,2,2,2,2,2,2,2,2,2,2,2,2,2,2,2,2,2,2,2,2,2,2,2,2,2,2,2,2,2,2,2,
949617,949617,746664,949617,949617,746664,746664,949617,746664,746664,746664,746664,949617,746664,746664,746664,746664,949617,949617,949617,949617,949617,949617,949617,746664,949617,949617,949617,949617,949617,746664,949617,746664,949617,746664,746664,746664,746664,949617,949617,746664,746664,949617,746664,949617,949617,746664,746664,949617,949617,949617,949617,746664,949617,949617,746664,746664,949617,746664,949617,746664,949617,949617,949617,746664,746664,746664,746664,949617,949617,949617,949617,746664,949617,949617,746664,949617,746664,746664,746664,949617,949617,746664,746664,949617,746664,949617,746664,746664,949617,949617,949617,949617,949617,949617,949617,949617,949617,949617,949617,746664,949617,746664,949617,949617,949617,949617,949617,746664,746664,746664,746664,746664,746664,949617,949617,949617,746664,746664,746664,949617,949617,949617,949617,746664,949617,746664,949617,949617,746664,746664,746664,746664,949617,949617,949617,949617,746664,949617,746664,949617,746664,746664,949617,746664,949617,949617,746664,949617,949617,949617,949617,949617,746664,746664,949617,949617,949617,949617,949617,949617,746664,949617,949617,746664,746664,949617,949617,949617,746664,949617,949617,949617,746664,949617,949617,949617,746664,746664,949617,949617,746664,949617,746664,746664,746664,746664,949617,746664,949617,949617,949617,949617,746664,949617,746664,746664,949617,949617,949617,746664,746664,949617,746664,949617,949617,949617,949617,949617,949617,949617,746664,746664,949617,949617,746664,949617,949617,746664,949617,746664,949617,746664,949617,746664,746664,949617,949617,746664,949617,746664,949617,949617,949617,949617,746664,949617,949617,746664,949617,949617,746664,949617,949617,746664,746664,949617,746664,746664,949617,746664,746664,746664,746664,949617,949617,949617,949617,949617,746664,949617,746664,949617,949617,949617,746664,949617,746664,746664,949617,746664,949617,746664,949617,949617,949617,949617,949617,949617,746664,949617,746664,949617,746664,949617,949617,949617,949617,949617,746664,746664,746664,949617,949617,949617,949617,949617,746664,746664,746664,949617,746664,949617,949617,746664,949617,949617,949617,949617,949617,746664,746664,746664,746664,949617,949617,746664,949617,949617,949617,949617,746664,949617,949617,949617,746664,746664,949617,949617,746664,746664,949617,949617,949617,746664,949617,949617,949617,949617,949617,949617,949617,746664,746664,949617,949617,949617,949617,949617,746664,949617,746664,949617,746664,949617,949617,949617,746664,746664,746664,949617,949617,746664,949617,949617,746664,746664,746664,949617,949617,949617,949617,746664,746664,949617,746664,949617,949617,949617,746664,746664,949617,746664,949617,746664,949617,949617,949617,949617,746664,949617,746664,949617,949617,746664,949617,949617,949617,746664,746664,746664,949617,949617,949617,949617,949617,746664,746664,949617,949617,949617,746664,746664,949617,949617,746664,746664,746664,746664,949617,949617,746664,746664,949617,949617,949617,949617,949617,746664,746664,949617,949617,949617,949617,746664,949617,746664,949617,746664,949617,949617,949617,949617,949617,949617,746664,949617,746664,746664,949617,949617,746664,949617,949617,746664,949617,746664,746664,949617,949617,949617,949617,949617,746664,949617,949617,746664,949617,949617,949617,746664,949617,746664,949617,949617,949617,746664,949617,949617,949617,949617,949617,949617,949617,746664,949617,746664,949617,949617,746664,746664,949617,949617,746664,949617,746664,949617,746664,949617,949617,949617,949617,746664,949617,949617,746664,949617,746664,746664,949617,949617,746664,949617,949617,949617,746664,949617,746664,746664,746664,949617,746664,949617,949617,949617,949617,949617,949617,746664,746664,746664,949617,949617,949617,949617,746664,746664,949617,949617,949617,949617,746664,949617,949617,746664,746664,949617,949617,949617,746664,949617,949617,746664,949617,949617,949617,746664,949617,949617,949617,746664,949617,949617,949617,949617,949617,949617,949617,949617,746664,746664,746664,746664,949617,949617,949617,746664,949617,949617,746664,746664,746664,949617,949617,746664,949617,949617,746664,949617,949617,949617,949617,746664,949617,949617,746664,949617,746664,949617,949617,746664,746664,746664,949617,746664,949617,949617,746664,949617,746664,746664,949617,949617,746664,746664,949617,949617,949617,949617,949617,949617,949617,949617,949617,949617,949617,949617,746664,949617,746664,949617,949617,746664,746664,746664,949617,746664,949617,949617,746664,949617,949617,949617,949617,746664,949617,949617,949617,949617,949617,949617,949617,949617,746664,949617,949617,746664,949617,746664,949617,949617,949617,949617,949617,746664,949617,949617,746664,949617,746664,949617,949617,949617,746664,746664,949617,746664,746664,949617,949617,746664,746664,746664,949617,949617,949617,746664,746664,949617,746664,949617,746664,949617,949617,949617,949617,746664,949617,746664,949617,949617,949617,949617,949617,949617,949617,949617,949617,949617,949617,949617,949617,949617,949617,949617,746664,949617,949617,949617,746664,949617,949617,949617,746664,949617,746664,949617,949617,746664,949617,746664,746664,949617,949617,949617,949617,949617,746664,746664,949617,746664,949617,949617,949617,949617,949617,746664,746664,949617,949617,949617,746664,949617,746664,746664,949617,949617,949617,746664,949617,746664,949617,746664,949617,949617,949617,746664,949617,746664,949617,949617,746664,949617,949617,949617,949617,949617,746664,746664,949617,949617,949617,949617,949617,949617,746664,949617,949617,949617,949617,746664,746664,949617,746664,949617,746664,949617,746664,949617,949617,746664,746664,949617,949617,949617,746664,949617,746664,746664,746664,949617,949617,949617,949617,949617,746664,949617,949617,746664,949617,949617,746664,746664,746664,949617,949617,949617,949617,949617,746664,949617,949617,746664,746664,746664,746664,746664,949617,746664,746664,949617,949617,949617,746664,949617,949617,949617,949617,949617,746664,949617,949617,746664,746664,746664,746664,949617,746664,949617,949617,746664,746664,746664,949617,949617,949617,949617,949617,949617,949617,746664,746664,746664,949617,949617,746664,949617,949617,949617,949617,949617,949617,949617,949617,949617,949617,949617,746664,746664,949617,949617,746664,949617,949617,746664,949617,746664,949617,746664,746664,746664,949617,949617,949617,746664,949617,746664,949617,746664,746664,746664,746664,746664,949617,949617,949617,949617,746664,949617,746664,949617,746664,949617,746664,949617,949617,746664,746664,746664,949617,746664,746664,746664,949617,949617,949617,746664,746664,746664,746664,746664,746664,949617,949617,949617,949617,949617,949617,746664,746664,746664,949617,949617,746664,949617,746664,746664,949617,949617,746664,746664,746664,949617,746664,949617,746664,949617,746664,746664,949617,949617,949617,746664,746664,746664,949617,949617,949617,746664,746664,949617,746664,746664,949617,746664,746664,949617,949617,949617,949617,949617,949617,746664,746664,746664,949617,949617,746664,746664,949617,746664,746664,949617,746664,949617,746664,746664,949617,949617,949617,949617,949617,746664,746664,949617,949617,949617,746664,746664,746664,949617,949617,746664,746664,746664,949617,949617,949617,746664,746664,949617,746664,949617,949617,746664,949617,949617,746664,746664,746664,746664,949617,746664,949617,949617,949617,949617,746664,949617,949617,949617,949617,746664,949617,949617,746664,949617,949617,949617,949617,746664,746664,949617,746664,949617,949617,949617,949617,746664,949617,949617,949617,746664,746664,949617,746664,949617,746664,949617,949617,746664,746664,949617,746664,949617,949617,949617,949617,949617,746664,746664,949617,746664,746664,949617,949617,949617,949617,949617,949617,949617,949617,949617,746664,949617,949617,949617,949617,949617,949617,746664,746664,949617,949617,949617,949617,746664,746664,746664,949617,746664,949617,746664,949617,746664,746664,949617,949617,949617,746664,746664,949617,949617,949617,949617,746664,949617,746664,746664,746664,949617,746664,949617,949617,949617,949617,949617,746664,746664,746664,746664,949617,949617,746664,949617,949617,949617,949617,746664,949617,746664,949617,746664,746664,746664,746664,949617,746664,746664,746664,949617,949617,949617,949617,949617,949617,949617,746664,949617,746664,949617,949617,746664,746664,746664,949617,949617,949617,949617,949617,949617,949617,949617,949617,949617,949617,746664,949617,746664,949617,746664,949617,949617,746664,949617,949617,746664,949617,746664,949617,949617,949617,949617,949617,746664,949617,949617,746664,949617,949617,949617,746664,949617,949617,949617,949617,949617,949617,746664,746664,746664,746664,949617,949617,949617,949617,949617,746664,949617,746664,746664,949617,949617,949617,746664,949617,949617,746664,949617,949617,949617,746664,949617,746664,949617,949617,949617,746664,746664,746664,949617,746664,949617,949617,949617,746664,949617,746664,746664,746664,949617,746664,746664,949617,746664,746664,949617,949617,949617,949617,746664,949617,746664,949617,949617,949617,746664,949617,949617,949617,949617,949617,949617,746664,949617,949617,949617,746664,949617,746664,949617,746664,746664,949617,949617,949617,949617,949617,746664,746664,949617,746664,949617,949617,746664,746664,949617,949617,746664,949617,746664,949617,949617,746664,949617,746664,746664,746664,746664,746664,949617,949617,746664,949617,949617,746664,949617,949617,949617,746664,746664,746664,949617,949617,949617,949617,746664,746664,949617,746664,746664,746664,746664,746664,746664,746664,949617,949617,746664,949617,949617,746664,949617,746664,949617,949617,949617,949617,949617,949617,746664,949617,746664,949617,949617,949617,949617,746664,746664,949617,746664,949617,949617,949617,746664,949617,949617,746664,746664,746664,949617,746664,949617,949617,746664,746664,746664,746664,949617,949617,949617,949617,949617,746664,949617,746664,949617,949617,746664,949617,949617,949617,949617,949617,949617,746664,949617,746664,746664,949617,949617,949617,949617,949617,949617,949617,746664,746664,746664,746664,746664,746664,746664,949617,949617,949617,949617,949617,949617,746664,949617,949617,746664,746664,746664,949617,746664,949617,746664,949617,746664,746664,949617,746664,949617,949617,746664,949617,746664,949617,949617,949617,746664,949617,746664,949617,746664,746664,949617,746664,746664,949617,949617,949617,746664,949617,746664,949617,949617,746664,949617,949617,746664,746664,949617,949617,746664,746664,746664,949617,746664,949617,746664,746664,949617,746664,746664,949617,949617,746664,746664,746664,949617,949617,949617,746664,746664,949617,746664,949617,746664,949617,746664,949617,949617,746664,746664,949617,949617,746664,949617,949617,949617,746664,949617,949617,746664,949617,746664,949617,746664,746664,746664,949617,746664,949617,746664,949617,949617,949617,949617,949617,949617,746664,746664,949617,746664,746664,746664,949617,949617,746664,746664,746664,949617,949617,746664,949617,746664,949617,949617,746664,949617,949617,746664,949617,746664,949617,746664,949617,746664,746664,949617,746664,949617,746664,949617,746664,746664,949617,949617,746664,949617,746664,949617,949617,949617,746664,746664,746664,949617,746664,949617,949617,949617,949617,746664,949617,746664,949617,746664,949617,949617,746664,949617,746664,949617,746664,949617,746664,949617,949617,746664,746664,746664,746664,746664,746664,746664,949617,949617,949617,746664,746664,949617,746664,949617,746664,949617,949617,949617,746664,949617,949617,949617,746664,746664,949617,746664,746664,949617,949617,949617,949617,746664,949617,949617,746664,746664,746664,949617,746664,949617,949617,949617,746664,746664,949617,949617,949617,746664,949617,949617,746664,746664,949617,746664,949617,949617,949617,949617,949617,949617,949617,746664,949617,746664,949617,949617,949617,746664,746664,746664,746664,746664,949617,746664,746664,746664,746664,949617,746664,949617,746664,746664,746664,746664,949617,949617,949617,949617,746664,949617,746664,949617,746664,949617,949617,949617,746664,746664,949617,949617,746664,949617,949617,746664,949617,746664,949617,949617,949617,746664,949617,746664,949617,949617,746664,746664,949617,949617,949617,949617,949617,746664,746664,949617,949617,949617,949617,746664,949617,746664,949617,949617,949617,746664,949617,949617,949617,746664,949617,949617,949617,746664,746664,949617,949617,949617,949617,949617,949617,746664,949617,746664,949617,746664,949617,949617,746664,746664,949617,746664,949617,746664,949617,949617,949617,746664,949617,949617,949617,949617,949617,746664,949617,746664,746664,949617,949617,746664,746664,949617,746664,949617,746664,949617,949617,949617,949617,949617,746664,949617,949617,949617,746664,949617,746664,949617,949617,746664,949617,746664,949617,949617,949617,949617,949617,746664,949617,949617,746664,949617,746664,949617,746664,746664,746664,949617,746664,949617,746664,949617,746664,746664,949617,746664,746664,949617,746664,949617,746664,746664,746664,746664,746664,949617,746664,949617,949617,949617,746664,949617,746664,746664,746664,746664,746664,949617,949617,949617,949617,746664,949617,949617,746664,746664,746664,746664,746664,949617,949617,949617,949617,746664,949617,949617,746664,746664,949617,746664,949617,949617,746664,949617,949617,746664,949617,949617,949617,949617,746664,949617,746664,746664,949617,949617,746664,949617,949617,949617,746664,949617,949617,949617,949617,949617,746664,949617,949617,949617,746664,949617,949617,949617,746664,949617,949617,949617,949617,949617,949617,746664,746664,949617,949617,746664,949617,949617,746664,746664,746664,746664,949617,746664,949617,949617,949617,949617,746664,746664,746664,949617,949617,949617,746664,949617,746664,746664,949617,949617,746664,949617,746664,746664,949617,949617,949617,949617,949617,746664,746664,746664,746664,949617,949617,949617,746664,949617,949617,949617,746664,949617,746664,949617,746664,746664,949617,746664,949617,949617,949617,949617,949617,746664,949617,949617,949617,949617,746664,746664,949617,949617,746664,949617,746664,949617,949617,949617,949617,949617,949617,746664,746664,949617,746664,746664,949617,746664,746664,949617,949617,949617,949617,746664,949617,949617,746664,949617,746664,949617,949617,949617,746664,746664,949617,746664,949617,746664,949617,949617,746664,746664,746664,949617,949617,949617,949617,949617,949617,746664,949617,949617,746664,746664,746664,746664,746664,949617,949617,746664,746664,949617,949617,949617,746664,746664,746664,949617,949617,746664,746664,746664,949617,746664,746664,746664,746664,949617,746664,949617,746664,949617,746664,949617,746664,949617,746664,746664,949617,746664,949617,949617,746664,746664,949617,949617,949617,949617,746664,746664,949617,949617,746664,746664,949617,746664,949617,746664,949617,746664,746664,949617,949617,746664,746664,746664,949617,746664,949617,746664,949617,746664,949617,746664,746664,949617,949617,949617,949617,949617,746664,949617,949617,746664,746664,949617,746664,949617,746664,949617,949617,949617,746664,949617,949617,949617,949617,949617,949617,949617,949617,949617,949617,949617,949617,746664,746664,949617,949617,949617,746664,949617,949617,949617,949617,949617,949617,949617,746664,949617,949617,949617,949617,949617,949617,746664,949617,949617,949617,949617,949617,949617,949617,746664,949617,949617,949617,746664,949617,949617,949617,949617,949617,949617,746664,746664,949617,746664,949617,949617,949617,746664,949617,949617,949617,949617,746664,949617,949617,746664,949617,949617,949617,949617,949617,949617,746664,746664,949617,746664,746664,746664,949617,949617,949617,746664,949617,949617,949617,746664,949617,746664,746664,949617,949617,949617,949617,949617,949617,746664,949617,746664,746664,949617,949617,949617,949617,746664,949617,746664,949617,746664,949617,949617,746664,746664,949617,949617,746664,746664,746664,949617,746664,949617,746664,746664,949617,746664,746664,949617,949617,746664,949617,949617,949617,949617,746664,949617,949617,746664,949617,746664,949617,949617,746664,949617,949617,949617,949617,746664,949617,746664,949617,746664,746664,949617,949617,949617,746664,949617,949617,746664,746664,746664,949617,746664,949617,949617,746664,949617,949617,949617,949617,949617,949617,949617,746664,949617,746664,746664,746664,949617,949617,949617,746664,949617,949617,746664,746664,949617,949617,949617,949617,949617,949617,949617,949617,949617,746664,746664,746664,949617,949617,746664,949617,746664,949617,746664,746664,949617,949617,746664,949617,746664,949617,949617,949617,746664,949617,746664,746664,949617,746664,949617,949617,949617,746664,746664,949617,746664,746664,746664,746664,949617,746664,949617,949617,949617,949617,949617,746664,949617,746664,949617,949617,746664,949617,746664,746664,949617,949617,949617,949617,949617,949617,949617,746664,746664,949617,949617,949617,746664,949617,949617,949617,949617,746664,949617,746664,949617,746664,949617,746664,746664,949617,746664,949617,746664,746664,949617,949617,949617,746664,746664,949617,746664,746664,949617,746664,746664,949617,746664,746664,949617,949617,746664,746664,949617,746664,949617,746664,949617,746664,949617,949617,949617,949617,949617,949617,746664,949617,949617,949617,746664,949617,949617,949617,746664,949617,746664,746664,949617,949617,746664,746664,746664,949617,949617,746664,746664,746664,746664,949617,949617,949617,949617,949617,949617,746664,949617,746664,746664,949617,949617,746664,746664,949617,746664,746664,949617,746664,746664,746664,949617,746664,949617,949617,949617,746664,949617,746664,949617,949617,949617,949617,949617,746664,949617,746664,746664,949617,949617,746664,746664,949617,949617,746664,746664,949617,746664,746664,746664,949617,746664,949617,949617,949617,746664,949617,746664,746664,949617,949617,949617,746664,949617,746664,746664,949617,746664,949617,746664,949617,746664,949617,949617,746664,949617,746664,949617,949617,949617,746664,949617,746664,746664,746664,949617,746664,949617,746664,746664,949617,949617,746664,746664,746664,949617,949617,949617,949617,949617,949617,949617,949617,949617,949617,949617,949617,949617,949617,949617,746664,746664,746664,949617,746664,949617,949617,949617,949617,949617,949617,949617,949617,949617,746664,949617,949617,949617,746664,746664,746664,949617,949617,949617,746664,746664,746664,746664,949617,746664,746664,949617,746664,949617,746664,949617,949617,949617,746664,949617,746664,949617,949617,949617,746664,746664,949617,746664,746664,746664,949617,949617,746664,949617,746664,949617,746664,746664,949617,949617,949617,949617,746664,949617,949617,949617,746664,746664,949617,949617,949617,949617,949617,746664,746664,949617,949617,949617,746664,949617,949617,949617,949617,949617,949617,746664,949617,746664,949617,746664,746664,746664,949617,746664,746664,949617,746664,949617,746664,746664,949617,949617,949617,949617,746664,949617,949617,949617,746664,746664,949617,746664,949617,949617,746664,746664,949617,746664,746664,949617,949617,746664,949617,746664,949617,949617,949617,949617,949617,949617,949617,746664,949617,949617,949617,949617,949617,949617,949617,949617,949617,949617,949617,746664,949617,949617,746664,949617,949617,949617,746664,949617,949617,949617,746664,949617,949617,746664,746664,949617,746664,746664,949617,949617,746664,949617,949617,746664,949617,949617,746664,949617,746664,746664,949617,746664,949617,949617,949617,746664,949617,949617,746664,949617,949617,949617,949617,746664,949617,746664,746664,949617,949617,746664,949617,949617,746664,746664,949617,746664,949617,949617,746664,746664,746664,949617,949617,949617,949617,949617,949617,949617,949617,949617,746664,949617,949617,746664,949617,949617,949617,746664,949617,746664,949617,746664,746664,949617,949617,746664,746664,746664,746664,746664,949617,949617,746664,949617,949617,949617,949617,746664,949617,746664,949617,746664,746664,949617,949617,949617,746664,949617,949617,746664,746664,949617,949617,746664,949617,746664,949617,746664,746664,746664,949617,949617,746664,746664,949617,746664,949617,949617,746664,746664,746664,746664,949617,746664,949617,746664,949617,746664,949617,746664,949617,949617,746664,746664,949617,949617,949617,746664,746664,746664,949617,949617,949617,949617,949617,949617,746664,949617,949617,949617,949617,746664,746664,949617,949617,949617,949617,949617,949617,949617,949617,949617,949617,949617,949617,746664,949617,949617,949617,949617,746664,949617,746664,949617,949617,949617,746664,949617,746664,746664,949617,949617,949617,746664,949617,949617,746664,949617,746664,746664,949617,949617,746664,949617,746664,949617,746664,746664,949617,949617,746664,746664,949617,949617,949617,949617,949617,949617,949617,949617,746664,746664,949617,949617,949617,746664,949617,949617,746664,746664,949617,746664,949617,746664,746664,746664,949617,746664,949617,949617,949617,949617,949617,746664,949617,746664,746664,949617,949617,746664,949617,949617,949617,949617,746664,949617,746664,949617,746664,746664,746664,746664,746664,746664,949617,949617,949617,949617,949617,746664,746664,949617,949617,949617,949617,949617,746664,949617,746664,746664,746664,949617,949617,746664,949617,746664,746664,746664,746664,949617,746664,949617,949617,746664,949617,949617,949617,746664,949617,949617,746664,746664,949617,949617,949617,949617,949617,746664,746664,949617,949617,949617,746664,746664,949617,746664,746664,949617,949617,949617,949617,746664,949617,949617,949617,949617,949617,746664,949617,949617,949617,949617,949617,746664,949617,949617,949617,949617,949617,949617,746664,949617,949617,949617,949617,746664,949617,949617,949617,949617,746664,949617,949617,949617,949617,949617,746664,746664,746664,746664,746664,949617,949617,949617,746664,949617,949617,746664,949617,746664,949617,949617,949617,949617,949617,746664,949617,746664,949617,746664,746664,949617,746664,746664,949617,746664,949617,746664,949617,746664,949617,949617,949617,746664,746664,949617,746664,949617,746664,949617,949617,746664,949617,746664,949617,949617,949617,746664,746664,949617,949617,746664,746664,746664,949617,949617,949617,949617,949617,949617,949617,949617,746664,746664,949617,746664,949617,746664,949617,949617,746664,746664,746664,949617,746664,746664,949617,746664,949617,949617,746664,746664,949617,746664,746664,949617,746664,746664,949617,746664,949617,949617,949617,746664,949617,746664,949617,746664,949617,949617,746664,949617,746664,949617,746664,949617,949617,746664,949617,949617,949617,746664,746664,949617,746664,949617,949617,949617,746664,949617,949617,949617,949617,949617,746664,746664,746664,949617,949617,949617,949617,949617,746664,949617,949617,949617,949617,949617,746664,746664,746664,746664,949617,746664,949617,949617,949617,949617,949617,746664,949617,746664,746664,746664,746664,949617,746664,949617,949617,746664,949617,949617,746664,949617,949617,949617,949617,746664,746664,746664,949617,949617,949617,949617,

